solid OpenSCAD_Model
  facet normal 0 0 -1
    outer loop
      vertex -5.300000190734863 -20 -1.2999999523162842
      vertex -5.300000190734863 7 -1.2999999523162842
      vertex -3 7 -1.2999999523162842
    endloop
  endfacet
  facet normal 0 0 -1
    outer loop
      vertex -6.5 -10.739999771118164 -0.8700000047683716
      vertex -6.5 -5.739999771118164 -0.8700000047683716
      vertex -5.300000190734863 -10.739999771118164 -0.8700000047683716
    endloop
  endfacet
  facet normal 0 0 -1
    outer loop
      vertex -6.5 -5.739999771118164 -0.8700000047683716
      vertex -5.300000190734863 -5.739999771118164 -0.8700000047683716
      vertex -5.300000190734863 -10.739999771118164 -0.8700000047683716
    endloop
  endfacet
  facet normal 0 1 0
    outer loop
      vertex -6.5 -5.739999771118164 -0.8700000047683716
      vertex -6.5 -5.739999771118164 -0.23764969408512115
      vertex -5.300000190734863 -5.739999771118164 -0.8700000047683716
    endloop
  endfacet
  facet normal 0 1 0
    outer loop
      vertex -5.300000190734863 -5.739999771118164 -0.8700000047683716
      vertex -6.5 -5.739999771118164 -0.23764969408512115
      vertex -5.300000190734863 -5.739999771118164 -0.23764969408512115
    endloop
  endfacet
  facet normal 0 0 -1
    outer loop
      vertex -6.5 -2 -0.8700000047683716
      vertex -6.5 3 -0.8700000047683716
      vertex -5.300000190734863 -2 -0.8700000047683716
    endloop
  endfacet
  facet normal 0 0 -1
    outer loop
      vertex -5.300000190734863 -2 -0.8700000047683716
      vertex -6.5 3 -0.8700000047683716
      vertex -5.300000190734863 3 -0.8700000047683716
    endloop
  endfacet
  facet normal 0 -1 0
    outer loop
      vertex -6.5 -2 -0.8700000047683716
      vertex -5.300000190734863 -2 -0.8700000047683716
      vertex -5.300000190734863 -2 0.10000000149011612
    endloop
  endfacet
  facet normal -1 0 0
    outer loop
      vertex -5.300000190734863 -20 -1.2999999523162842
      vertex -5.300000190734863 -10.739999771118164 -0.8700000047683716
      vertex -5.300000190734863 7 -1.2999999523162842
    endloop
  endfacet
  facet normal -1 0 0
    outer loop
      vertex -5.300000190734863 -10.739999771118164 -0.8700000047683716
      vertex -5.300000190734863 -5.739999771118164 -0.8700000047683716
      vertex -5.300000190734863 7 -1.2999999523162842
    endloop
  endfacet
  facet normal -1 0 0
    outer loop
      vertex -5.300000190734863 -5.739999771118164 -0.8700000047683716
      vertex -5.300000190734863 -2 -0.8700000047683716
      vertex -5.300000190734863 7 -1.2999999523162842
    endloop
  endfacet
  facet normal -1 0 0
    outer loop
      vertex -5.300000190734863 -5.739999771118164 -0.8700000047683716
      vertex -5.300000190734863 -3.608163595199585 0.10000000149011612
      vertex -5.300000190734863 -2 -0.8700000047683716
    endloop
  endfacet
  facet normal 0 0 -1
    outer loop
      vertex -5.300000190734863 -20 -1.2999999523162842
      vertex -3 7 -1.2999999523162842
      vertex -3 -20 -1.2999999523162842
    endloop
  endfacet
  facet normal -1 0 0
    outer loop
      vertex -2.200000047683716 -21.485911916188485 -2
      vertex -2.200000047683716 -20.899999618530273 -0.6000000238418579
      vertex -2.200000047683716 8 -2
    endloop
  endfacet
  facet normal 0 -1 0
    outer loop
      vertex -5.300000190734863 -20 -1.2999999523162842
      vertex -3 -20 -1.2999999523162842
      vertex -3 -20 -0.6000000238418579
    endloop
  endfacet
  facet normal -0.5877852522924605 -0.8090169943749566 3.738876752860346e-19
    outer loop
      vertex -2.200000047683716 -21.485911916188485 -2
      vertex -2.1617387872822835 -21.513710349045212 -2
      vertex -2.1617387872822835 -21.513710349045212 1.25
    endloop
  endfacet
  facet normal 0 0 -1
    outer loop
      vertex -2.25 -20.899999618530273 -0.6000000238418579
      vertex -2.25 -20 -0.6000000238418579
      vertex -2.200000047683716 -20.899999618530273 -0.6000000238418579
    endloop
  endfacet
  facet normal -1 0 0
    outer loop
      vertex -2.200000047683716 -21.485911916188485 -2
      vertex -2.200000047683716 -20.899999618530273 1.25
      vertex -2.200000047683716 -20.899999618530273 -0.6000000238418579
    endloop
  endfacet
  facet normal 1 0 0
    outer loop
      vertex -3 -20 -1.2999999523162842
      vertex -3 7 -0.6000000238418579
      vertex -3 -20 -0.6000000238418579
    endloop
  endfacet
  facet normal 0 0 -1
    outer loop
      vertex -3 -20 -0.6000000238418579
      vertex -2.25 7 -0.6000000238418579
      vertex -2.25 -20 -0.6000000238418579
    endloop
  endfacet
  facet normal 0 0 -1
    outer loop
      vertex -2.200000047683716 -20.899999618530273 -0.6000000238418579
      vertex -2.25 -20 -0.6000000238418579
      vertex -2.25 7 -0.6000000238418579
    endloop
  endfacet
  facet normal 1 0 0
    outer loop
      vertex -3 -20 -1.2999999523162842
      vertex -3 7 -1.2999999523162842
      vertex -3 7 -0.6000000238418579
    endloop
  endfacet
  facet normal -1 0 0
    outer loop
      vertex -2.200000047683716 -20.899999618530273 -0.6000000238418579
      vertex -2.200000047683716 8 -0.6000000238418579
      vertex -2.200000047683716 8 -2
    endloop
  endfacet
  facet normal 0 0 -1
    outer loop
      vertex -3 -20 -0.6000000238418579
      vertex -3 7 -0.6000000238418579
      vertex -2.25 7 -0.6000000238418579
    endloop
  endfacet
  facet normal 0 0 -1
    outer loop
      vertex -2.200000047683716 -20.899999618530273 -0.6000000238418579
      vertex -2.25 7 -0.6000000238418579
      vertex -2.25 8 -0.6000000238418579
    endloop
  endfacet
  facet normal 0 0 -1
    outer loop
      vertex -2.200000047683716 -20.899999618530273 -0.6000000238418579
      vertex -2.25 8 -0.6000000238418579
      vertex -2.200000047683716 8 -0.6000000238418579
    endloop
  endfacet
  facet normal 0 -1 0
    outer loop
      vertex -6.5 -10.739999771118164 -0.8700000047683716
      vertex -5.300000190734863 -10.739999771118164 -0.8700000047683716
      vertex -5.300000190734863 -10.739999771118164 1.25
    endloop
  endfacet
  facet normal -1 0 0
    outer loop
      vertex -5.300000190734863 -20 -1.2999999523162842
      vertex -5.300000190734863 -20 1.25
      vertex -5.300000190734863 -10.739999771118164 -0.8700000047683716
    endloop
  endfacet
  facet normal 0 -1 0
    outer loop
      vertex -6.5 -10.739999771118164 -0.8700000047683716
      vertex -5.300000190734863 -10.739999771118164 1.25
      vertex -6.5 -10.739999771118164 1.25
    endloop
  endfacet
  facet normal -1 0 0
    outer loop
      vertex -5.300000190734863 -10.739999771118164 -0.8700000047683716
      vertex -5.300000190734863 -20 1.25
      vertex -5.300000190734863 -10.739999771118164 1.25
    endloop
  endfacet
  facet normal -1 0 0
    outer loop
      vertex -6.5 -10.739999771118164 -0.8700000047683716
      vertex -6.5 -10.739999771118164 1.25
      vertex -6.5 -5.739999771118164 -0.8700000047683716
    endloop
  endfacet
  facet normal 0 0.1564345253862546 -0.9876883310372647
    outer loop
      vertex -6.5 -5.739999771118164 -0.23764969408512115
      vertex -6.5 -5.3493658136215405 -0.17577932888949035
      vertex -5.300000190734863 -5.739999771118164 -0.23764969408512115
    endloop
  endfacet
  facet normal -1.772572795271135e-8 0.15643447226661605 -0.9876883394505904
    outer loop
      vertex -6.5 -5.3493658136215405 -0.17577932888949035
      vertex -6.5 -4.722355103296781 -0.07647058375463237
      vertex -5.300000190734863 -5.739999771118164 -0.23764969408512115
    endloop
  endfacet
  facet normal -1.7725728073479127e-8 0.15643447226661591 -0.9876883394505904
    outer loop
      vertex -6.5 -4.722355103296781 -0.07647058375463237
      vertex -5.300000190734863 -3.608163595199585 0.10000000149011612
      vertex -5.300000190734863 -5.739999771118164 -0.23764969408512115
    endloop
  endfacet
  facet normal -1 0 0
    outer loop
      vertex -6.5 -5.739999771118164 -0.8700000047683716
      vertex -6.5 -10.739999771118164 1.25
      vertex -6.5 -5.739999771118164 -0.23764969408512115
    endloop
  endfacet
  facet normal -1 0 0
    outer loop
      vertex -6.5 -5.739999771118164 -0.23764969408512115
      vertex -6.5 -10.739999771118164 1.25
      vertex -6.5 -5.3493658136215405 -0.17577932888949035
    endloop
  endfacet
  facet normal -1 0 0
    outer loop
      vertex -6.5 -5.3493658136215405 -0.17577932888949035
      vertex -6.5 -10.739999771118164 1.25
      vertex -6.5 -4.722355103296781 -0.07647058375463237
    endloop
  endfacet
  facet normal -1 0 0
    outer loop
      vertex -6.5 -4.722355103296781 -0.07647058375463237
      vertex -6.5 -10.739999771118164 1.25
      vertex -6.5 -3.608163595199585 0.10000000149011612
    endloop
  endfacet
  facet normal 0 -1 0
    outer loop
      vertex -6.5 -2 -0.8700000047683716
      vertex -5.300000190734863 -2 0.10000000149011612
      vertex -6.5 -2 0.10000000149011612
    endloop
  endfacet
  facet normal -1 0 0
    outer loop
      vertex -6.5 -2 -0.8700000047683716
      vertex -6.5 3 1.25
      vertex -6.5 3 -0.8700000047683716
    endloop
  endfacet
  facet normal 5.8901810130617914e-18 0.15643445364294584 -0.9876883424002902
    outer loop
      vertex -6.5 -4.722355103296781 -0.07647058375463237
      vertex -6.5 -3.608163595199585 0.10000000149011612
      vertex -5.300000190734863 -3.608163595199585 0.10000000149011612
    endloop
  endfacet
  facet normal 0 0 -1
    outer loop
      vertex -6.5 -3.608163595199585 0.10000000149011612
      vertex -6.5 -2 0.10000000149011612
      vertex -5.300000190734863 -3.608163595199585 0.10000000149011612
    endloop
  endfacet
  facet normal -1 0 0
    outer loop
      vertex -6.5 -2 -0.8700000047683716
      vertex -6.5 -2 0.10000000149011612
      vertex -6.5 3 1.25
    endloop
  endfacet
  facet normal 0 0 -1
    outer loop
      vertex -6.5 -2 0.10000000149011612
      vertex -5.300000190734863 -2 0.10000000149011612
      vertex -5.300000190734863 -3.608163595199585 0.10000000149011612
    endloop
  endfacet
  facet normal -1 0 0
    outer loop
      vertex -5.300000190734863 -5.739999771118164 -0.8700000047683716
      vertex -5.300000190734863 -5.739999771118164 -0.23764969408512115
      vertex -5.300000190734863 -3.608163595199585 0.10000000149011612
    endloop
  endfacet
  facet normal -1 0 0
    outer loop
      vertex -5.300000190734863 -2 -0.8700000047683716
      vertex -5.300000190734863 -3.608163595199585 0.10000000149011612
      vertex -5.300000190734863 -2 0.10000000149011612
    endloop
  endfacet
  facet normal 0 0 1
    outer loop
      vertex -6.5 -10.739999771118164 1.25
      vertex -5.300000190734863 -10.739999771118164 1.25
      vertex -5.300000190734863 3 1.25
    endloop
  endfacet
  facet normal -1 0 0
    outer loop
      vertex -6.5 -3.608163595199585 0.10000000149011612
      vertex -6.5 3 1.25
      vertex -6.5 -2 0.10000000149011612
    endloop
  endfacet
  facet normal -1 0 0
    outer loop
      vertex -6.5 -3.608163595199585 0.10000000149011612
      vertex -6.5 -10.739999771118164 1.25
      vertex -6.5 3 1.25
    endloop
  endfacet
  facet normal 0 0 1
    outer loop
      vertex -6.5 -10.739999771118164 1.25
      vertex -5.300000190734863 3 1.25
      vertex -6.5 3 1.25
    endloop
  endfacet
  facet normal 0 -1 0
    outer loop
      vertex -5.300000190734863 -20 -1.2999999523162842
      vertex -3 -20 -0.6000000238418579
      vertex -2.25 -20 1.25
    endloop
  endfacet
  facet normal 0 -1 0
    outer loop
      vertex -5.300000190734863 -20 -1.2999999523162842
      vertex -2.25 -20 1.25
      vertex -5.300000190734863 -20 1.25
    endloop
  endfacet
  facet normal 0 -1 0
    outer loop
      vertex -2.25 -20.899999618530273 -0.6000000238418579
      vertex -2.200000047683716 -20.899999618530273 -0.6000000238418579
      vertex -2.200000047683716 -20.899999618530273 1.25
    endloop
  endfacet
  facet normal 0 -1 0
    outer loop
      vertex -3 -20 -0.6000000238418579
      vertex -2.25 -20 -0.6000000238418579
      vertex -2.25 -20 1.25
    endloop
  endfacet
  facet normal -1 0 0
    outer loop
      vertex -2.25 -20.899999618530273 -0.6000000238418579
      vertex -2.25 -20 1.25
      vertex -2.25 -20 -0.6000000238418579
    endloop
  endfacet
  facet normal -0.5877852522924605 -0.8090169943749566 0
    outer loop
      vertex -2.200000047683716 -21.485911916188485 -2
      vertex -2.1617387872822835 -21.513710349045212 1.25
      vertex -2.200000047683716 -21.485911916188485 1.25
    endloop
  endfacet
  facet normal -1 0 0
    outer loop
      vertex -2.200000047683716 -21.485911916188485 -2
      vertex -2.200000047683716 -21.485911916188485 1.25
      vertex -2.200000047683716 -20.899999618530273 1.25
    endloop
  endfacet
  facet normal 0 0 1
    outer loop
      vertex -5.300000190734863 -20 1.25
      vertex -2.25 -20 1.25
      vertex -5.300000190734863 -10.739999771118164 1.25
    endloop
  endfacet
  facet normal 0 -1 0
    outer loop
      vertex -2.25 -20.899999618530273 -0.6000000238418579
      vertex -2.200000047683716 -20.899999618530273 1.25
      vertex -2.25 -20.899999618530273 1.25
    endloop
  endfacet
  facet normal -1 0 0
    outer loop
      vertex -2.25 -20.899999618530273 -0.6000000238418579
      vertex -2.25 -20.899999618530273 1.25
      vertex -2.25 -20 1.25
    endloop
  endfacet
  facet normal 0 0 1
    outer loop
      vertex -2.25 -20.899999618530273 1.25
      vertex -2.200000047683716 -20.899999618530273 1.25
      vertex -2.25 -20 1.25
    endloop
  endfacet
  facet normal 0 0 1
    outer loop
      vertex -5.300000190734863 -10.739999771118164 1.25
      vertex -2.25 7 1.25
      vertex -5.300000190734863 3 1.25
    endloop
  endfacet
  facet normal 0 0 1
    outer loop
      vertex -5.300000190734863 -10.739999771118164 1.25
      vertex -2.25 -20 1.25
      vertex -1.25 8 1.25
    endloop
  endfacet
  facet normal 0 0 1
    outer loop
      vertex -5.300000190734863 -10.739999771118164 1.25
      vertex -1.25 8 1.25
      vertex -2.25 7 1.25
    endloop
  endfacet
  facet normal -1 0 0
    outer loop
      vertex -5.300000190734863 -2 -0.8700000047683716
      vertex -5.300000190734863 3 -0.8700000047683716
      vertex -5.300000190734863 7 -1.2999999523162842
    endloop
  endfacet
  facet normal 0 1 0
    outer loop
      vertex -5.300000190734863 7 -1.2999999523162842
      vertex -3 7 -0.6000000238418579
      vertex -3 7 -1.2999999523162842
    endloop
  endfacet
  facet normal 0 1 0
    outer loop
      vertex -6.5 3 -0.8700000047683716
      vertex -6.5 3 1.25
      vertex -5.300000190734863 3 -0.8700000047683716
    endloop
  endfacet
  facet normal -1 0 0
    outer loop
      vertex -5.300000190734863 7 -1.2999999523162842
      vertex -5.300000190734863 3 -0.8700000047683716
      vertex -5.300000190734863 3 1.25
    endloop
  endfacet
  facet normal 0 1 0
    outer loop
      vertex -5.300000190734863 7 -1.2999999523162842
      vertex -5.300000190734863 7 1.25
      vertex -3 7 -0.6000000238418579
    endloop
  endfacet
  facet normal -1 0 0
    outer loop
      vertex -5.300000190734863 7 -1.2999999523162842
      vertex -5.300000190734863 3 1.25
      vertex -5.300000190734863 7 1.25
    endloop
  endfacet
  facet normal 0 1 0
    outer loop
      vertex -5.300000190734863 3 -0.8700000047683716
      vertex -6.5 3 1.25
      vertex -5.300000190734863 3 1.25
    endloop
  endfacet
  facet normal 0 1 0
    outer loop
      vertex -3 7 -0.6000000238418579
      vertex -2.25 7 1.25
      vertex -2.25 7 -0.6000000238418579
    endloop
  endfacet
  facet normal -1 0 0
    outer loop
      vertex -2.25 7 -0.6000000238418579
      vertex -2.25 7 1.25
      vertex -2.25 8 -0.6000000238418579
    endloop
  endfacet
  facet normal 0 1 0
    outer loop
      vertex -2.25 8 -0.6000000238418579
      vertex -2.25 8 1.25
      vertex -2.200000047683716 8 -0.6000000238418579
    endloop
  endfacet
  facet normal 0 1 0
    outer loop
      vertex -3 7 -0.6000000238418579
      vertex -5.300000190734863 7 1.25
      vertex -2.25 7 1.25
    endloop
  endfacet
  facet normal 0 0 1
    outer loop
      vertex -5.300000190734863 3 1.25
      vertex -2.25 7 1.25
      vertex -5.300000190734863 7 1.25
    endloop
  endfacet
  facet normal -1 0 0
    outer loop
      vertex -2.25 8 -0.6000000238418579
      vertex -2.25 7 1.25
      vertex -2.25 8 1.25
    endloop
  endfacet
  facet normal 0 0 -1
    outer loop
      vertex -1.7228650860056154 -23.899999618530273 -2
      vertex -1.6729090847147983 -23.813473286151602 -2
      vertex 1.6729090847147983 -23.813473286151602 -2
    endloop
  endfacet
  facet normal 0 0 -1
    outer loop
      vertex -1.6729090847147983 -23.813473286151602 -2
      vertex -1.5437047985323886 -23.41582338163552 -2
      vertex 1.5437047985323886 -23.41582338163552 -2
    endloop
  endfacet
  facet normal 0 0 -1
    outer loop
      vertex -1.881966011250105 -21.824429495415053 -2
      vertex 1.881966011250105 -21.824429495415053 -2
      vertex -1.6729090847147983 -22.186526713848398 -2
    endloop
  endfacet
  facet normal 0 0 -1
    outer loop
      vertex -1.5437047985323886 -23.41582338163552 -2
      vertex -1.5 -23 -2
      vertex 1.5 -23 -2
    endloop
  endfacet
  facet normal 0 0 -1
    outer loop
      vertex -1.5437047985323886 -22.58417661836448 -2
      vertex 1.5437047985323886 -22.58417661836448 -2
      vertex -1.5 -23 -2
    endloop
  endfacet
  facet normal 0 0 -1
    outer loop
      vertex -1.6729090847147983 -22.186526713848398 -2
      vertex 1.6729090847147983 -22.186526713848398 -2
      vertex -1.5437047985323886 -22.58417661836448 -2
    endloop
  endfacet
  facet normal 0 0 -1
    outer loop
      vertex -2.200000047683716 -21.485911916188485 -2
      vertex 2.200000047683716 8 -2
      vertex -2.1617387872822835 -21.513710349045212 -2
    endloop
  endfacet
  facet normal 0 0 -1
    outer loop
      vertex -2.1617387872822835 -21.513710349045212 -2
      vertex 2.200000047683716 8 -2
      vertex -1.881966011250105 -21.824429495415053 -2
    endloop
  endfacet
  facet normal -0.7431448254773934 -0.6691306063588593 0
    outer loop
      vertex -2.1617387872822835 -21.513710349045212 -2
      vertex -1.881966011250105 -21.824429495415053 -2
      vertex -2.1617387872822835 -21.513710349045212 1.25
    endloop
  endfacet
  facet normal -0.8660254037844378 0.5000000000000013 0
    outer loop
      vertex -1.7228650860056154 -23.899999618530273 -2
      vertex -1.7228650860056154 -23.899999618530273 1.25
      vertex -1.6729090847147983 -23.813473286151602 -2
    endloop
  endfacet
  facet normal -0.9510565162951536 -0.309016994374947 0
    outer loop
      vertex -1.6729090847147983 -22.186526713848398 -2
      vertex -1.5437047985323886 -22.58417661836448 -2
      vertex -1.6729090847147983 -22.186526713848398 1.25
    endloop
  endfacet
  facet normal -0.8660254037844382 -0.5000000000000011 0
    outer loop
      vertex -1.881966011250105 -21.824429495415053 -2
      vertex -1.6729090847147983 -22.186526713848398 -2
      vertex -1.881966011250105 -21.824429495415053 1.25
    endloop
  endfacet
  facet normal -0.9510565162951536 0.309016994374947 -8.514818590402988e-19
    outer loop
      vertex -1.6729090847147983 -23.813473286151602 -2
      vertex -1.5437047985323886 -23.41582338163552 1.25
      vertex -1.5437047985323886 -23.41582338163552 -2
    endloop
  endfacet
  facet normal -0.9945218953682734 0.10452846326765308 -2.17799282877724e-19
    outer loop
      vertex -1.5437047985323886 -23.41582338163552 -2
      vertex -1.5 -23 1.25
      vertex -1.5 -23 -2
    endloop
  endfacet
  facet normal -0.9945218953682734 -0.10452846326765308 0
    outer loop
      vertex -1.5437047985323886 -22.58417661836448 -2
      vertex -1.5 -23 -2
      vertex -1.5437047985323886 -22.58417661836448 1.25
    endloop
  endfacet
  facet normal 0 -1 0
    outer loop
      vertex -1.7228650860056154 -23.899999618530273 -2
      vertex 1.7228650860056154 -23.899999618530273 -2
      vertex -1.7228650860056154 -23.899999618530273 1.25
    endloop
  endfacet
  facet normal 0 0 -1
    outer loop
      vertex -2.200000047683716 -21.485911916188485 -2
      vertex -2.200000047683716 8 -2
      vertex -1.25 8 -2
    endloop
  endfacet
  facet normal 0 0 -1
    outer loop
      vertex -2.200000047683716 -21.485911916188485 -2
      vertex -1.25 8 -2
      vertex 1.25 8 -2
    endloop
  endfacet
  facet normal 0 0 -1
    outer loop
      vertex -1.5437047985323886 -23.41582338163552 -2
      vertex 1.5 -23 -2
      vertex 1.5437047985323886 -23.41582338163552 -2
    endloop
  endfacet
  facet normal 0 0 -1
    outer loop
      vertex -1.6729090847147983 -23.813473286151602 -2
      vertex 1.5437047985323886 -23.41582338163552 -2
      vertex 1.6729090847147983 -23.813473286151602 -2
    endloop
  endfacet
  facet normal 0 0 -1
    outer loop
      vertex -1.7228650860056154 -23.899999618530273 -2
      vertex 1.6729090847147983 -23.813473286151602 -2
      vertex 1.7228650860056154 -23.899999618530273 -2
    endloop
  endfacet
  facet normal 0 0 -1
    outer loop
      vertex -1.5 -23 -2
      vertex 1.5437047985323886 -22.58417661836448 -2
      vertex 1.5 -23 -2
    endloop
  endfacet
  facet normal 0 0 -1
    outer loop
      vertex -1.5437047985323886 -22.58417661836448 -2
      vertex 1.6729090847147983 -22.186526713848398 -2
      vertex 1.5437047985323886 -22.58417661836448 -2
    endloop
  endfacet
  facet normal 0 0 -1
    outer loop
      vertex -1.6729090847147983 -22.186526713848398 -2
      vertex 1.881966011250105 -21.824429495415053 -2
      vertex 1.6729090847147983 -22.186526713848398 -2
    endloop
  endfacet
  facet normal 0 0 -1
    outer loop
      vertex -1.881966011250105 -21.824429495415053 -2
      vertex 2.1617387872822835 -21.513710349045212 -2
      vertex 1.881966011250105 -21.824429495415053 -2
    endloop
  endfacet
  facet normal 0 0 -1
    outer loop
      vertex -1.881966011250105 -21.824429495415053 -2
      vertex 2.200000047683716 -21.485911916188485 -2
      vertex 2.1617387872822835 -21.513710349045212 -2
    endloop
  endfacet
  facet normal 0 0 -1
    outer loop
      vertex -1.881966011250105 -21.824429495415053 -2
      vertex 2.200000047683716 8 -2
      vertex 2.200000047683716 -21.485911916188485 -2
    endloop
  endfacet
  facet normal 0.9945218953682734 -0.10452846326765308 0
    outer loop
      vertex 1.5 -23 -2
      vertex 1.5437047985323886 -22.58417661836448 -2
      vertex 1.5 -23 1.25
    endloop
  endfacet
  facet normal 0.9945218953682734 0.10452846326765308 2.17799282877724e-19
    outer loop
      vertex 1.5 -23 -2
      vertex 1.5437047985323886 -23.41582338163552 1.25
      vertex 1.5437047985323886 -23.41582338163552 -2
    endloop
  endfacet
  facet normal 0.9510565162951536 0.309016994374947 8.514818590402988e-19
    outer loop
      vertex 1.5437047985323886 -23.41582338163552 -2
      vertex 1.6729090847147983 -23.813473286151602 1.25
      vertex 1.6729090847147983 -23.813473286151602 -2
    endloop
  endfacet
  facet normal 0.9510565162951536 -0.309016994374947 0
    outer loop
      vertex 1.5437047985323886 -22.58417661836448 -2
      vertex 1.6729090847147983 -22.186526713848398 -2
      vertex 1.5437047985323886 -22.58417661836448 1.25
    endloop
  endfacet
  facet normal 0.8660254037844378 0.5000000000000013 0
    outer loop
      vertex 1.6729090847147983 -23.813473286151602 -2
      vertex 1.6729090847147983 -23.813473286151602 1.25
      vertex 1.7228650860056154 -23.899999618530273 -2
    endloop
  endfacet
  facet normal 0.8660254037844382 -0.5000000000000011 0
    outer loop
      vertex 1.6729090847147983 -22.186526713848398 -2
      vertex 1.881966011250105 -21.824429495415053 -2
      vertex 1.6729090847147983 -22.186526713848398 1.25
    endloop
  endfacet
  facet normal 0.7431448254773934 -0.6691306063588593 0
    outer loop
      vertex 1.881966011250105 -21.824429495415053 -2
      vertex 2.1617387872822835 -21.513710349045212 -2
      vertex 1.881966011250105 -21.824429495415053 1.25
    endloop
  endfacet
  facet normal 0.5877852522924605 -0.8090169943749566 -3.738876752860346e-19
    outer loop
      vertex 2.1617387872822835 -21.513710349045212 -2
      vertex 2.200000047683716 -21.485911916188485 -2
      vertex 2.200000047683716 -21.485911916188485 1.25
    endloop
  endfacet
  facet normal 0 0 -1
    outer loop
      vertex -2.200000047683716 -21.485911916188485 -2
      vertex 1.25 8 -2
      vertex 2.200000047683716 8 -2
    endloop
  endfacet
  facet normal 1 0 0
    outer loop
      vertex 2.200000047683716 -21.485911916188485 -2
      vertex 2.200000047683716 8 -2
      vertex 2.200000047683716 8 1.25
    endloop
  endfacet
  facet normal -0.7431448254773934 -0.6691306063588593 -1.8139167325160177e-18
    outer loop
      vertex -2.1617387872822835 -21.513710349045212 1.25
      vertex -1.881966011250105 -21.824429495415053 -2
      vertex -1.881966011250105 -21.824429495415053 1.25
    endloop
  endfacet
  facet normal -0.8660254037844378 0.5000000000000013 0
    outer loop
      vertex -1.6729090847147983 -23.813473286151602 -2
      vertex -1.7228650860056154 -23.899999618530273 1.25
      vertex -1.6729090847147983 -23.813473286151602 1.25
    endloop
  endfacet
  facet normal -0.9510565162951536 0.309016994374947 0
    outer loop
      vertex -1.6729090847147983 -23.813473286151602 -2
      vertex -1.6729090847147983 -23.813473286151602 1.25
      vertex -1.5437047985323886 -23.41582338163552 1.25
    endloop
  endfacet
  facet normal -0.8660254037844382 -0.5000000000000011 0
    outer loop
      vertex -1.6729090847147983 -22.186526713848398 -2
      vertex -1.6729090847147983 -22.186526713848398 1.25
      vertex -1.881966011250105 -21.824429495415053 1.25
    endloop
  endfacet
  facet normal -0.9945218953682734 0.10452846326765308 0
    outer loop
      vertex -1.5437047985323886 -23.41582338163552 -2
      vertex -1.5437047985323886 -23.41582338163552 1.25
      vertex -1.5 -23 1.25
    endloop
  endfacet
  facet normal -0.9510565162951536 -0.309016994374947 0
    outer loop
      vertex -1.5437047985323886 -22.58417661836448 -2
      vertex -1.5437047985323886 -22.58417661836448 1.25
      vertex -1.6729090847147983 -22.186526713848398 1.25
    endloop
  endfacet
  facet normal -0.9945218953682734 -0.10452846326765308 0
    outer loop
      vertex -1.5 -23 -2
      vertex -1.5 -23 1.25
      vertex -1.5437047985323886 -22.58417661836448 1.25
    endloop
  endfacet
  facet normal 0 0 1
    outer loop
      vertex -1.7228650860056154 -23.899999618530273 1.25
      vertex 0.8334503112771321 -23.899999618530273 1.25
      vertex -1.6729090847147983 -23.813473286151602 1.25
    endloop
  endfacet
  facet normal 0 0 1
    outer loop
      vertex -1.6729090847147983 -23.813473286151602 1.25
      vertex 0.8334503112771321 -23.899999618530273 1.25
      vertex -1.5437047985323886 -23.41582338163552 1.25
    endloop
  endfacet
  facet normal 0 0 1
    outer loop
      vertex -2.200000047683716 -21.485911916188485 1.25
      vertex -2.1617387872822835 -21.513710349045212 1.25
      vertex 1.25 8 1.25
    endloop
  endfacet
  facet normal 0 0 1
    outer loop
      vertex -2.1617387872822835 -21.513710349045212 1.25
      vertex -1.881966011250105 -21.824429495415053 1.25
      vertex 1.25 8 1.25
    endloop
  endfacet
  facet normal 0 0 1
    outer loop
      vertex -2.200000047683716 -21.485911916188485 1.25
      vertex 1.25 8 1.25
      vertex -2.200000047683716 -20.899999618530273 1.25
    endloop
  endfacet
  facet normal 0 0 1
    outer loop
      vertex -1.5437047985323886 -23.41582338163552 1.25
      vertex 2.200000047683716 8 1.25
      vertex -1.5 -23 1.25
    endloop
  endfacet
  facet normal 0 0 1
    outer loop
      vertex -1.5437047985323886 -22.58417661836448 1.25
      vertex -1.5 -23 1.25
      vertex 2.200000047683716 8 1.25
    endloop
  endfacet
  facet normal 0 0 1
    outer loop
      vertex -1.881966011250105 -21.824429495415053 1.25
      vertex -1.6729090847147983 -22.186526713848398 1.25
      vertex 2.200000047683716 8 1.25
    endloop
  endfacet
  facet normal 0 0 1
    outer loop
      vertex -1.6729090847147983 -22.186526713848398 1.25
      vertex -1.5437047985323886 -22.58417661836448 1.25
      vertex 2.200000047683716 8 1.25
    endloop
  endfacet
  facet normal 0 0 1
    outer loop
      vertex -2.200000047683716 -20.899999618530273 1.25
      vertex 1.25 24 1.25
      vertex -2.25 -20 1.25
    endloop
  endfacet
  facet normal 0 -1 0
    outer loop
      vertex 1.7228650860056154 -23.899999618530273 -2
      vertex 0.8334503112771321 -23.899999618530273 1.25
      vertex -1.7228650860056154 -23.899999618530273 1.25
    endloop
  endfacet
  facet normal 0 -1 0
    outer loop
      vertex 1.7228650860056154 -23.899999618530273 -2
      vertex 1.7228650860056154 -23.899999618530273 1.25
      vertex 0.8334503112771321 -23.899999618530273 1.25
    endloop
  endfacet
  facet normal 0.9945218953682734 0.10452846326765308 0
    outer loop
      vertex 1.5 -23 -2
      vertex 1.5 -23 1.25
      vertex 1.5437047985323886 -23.41582338163552 1.25
    endloop
  endfacet
  facet normal 0.9510565162951536 0.309016994374947 0
    outer loop
      vertex 1.5437047985323886 -23.41582338163552 -2
      vertex 1.5437047985323886 -23.41582338163552 1.25
      vertex 1.6729090847147983 -23.813473286151602 1.25
    endloop
  endfacet
  facet normal 0.9945218953682734 -0.10452846326765308 0
    outer loop
      vertex 1.5437047985323886 -22.58417661836448 -2
      vertex 1.5437047985323886 -22.58417661836448 1.25
      vertex 1.5 -23 1.25
    endloop
  endfacet
  facet normal 0.9510565162951536 -0.309016994374947 0
    outer loop
      vertex 1.6729090847147983 -22.186526713848398 -2
      vertex 1.6729090847147983 -22.186526713848398 1.25
      vertex 1.5437047985323886 -22.58417661836448 1.25
    endloop
  endfacet
  facet normal 0.8660254037844378 0.5000000000000013 0
    outer loop
      vertex 1.7228650860056154 -23.899999618530273 -2
      vertex 1.6729090847147983 -23.813473286151602 1.25
      vertex 1.7228650860056154 -23.899999618530273 1.25
    endloop
  endfacet
  facet normal 0.8660254037844382 -0.5000000000000011 0
    outer loop
      vertex 1.881966011250105 -21.824429495415053 -2
      vertex 1.881966011250105 -21.824429495415053 1.25
      vertex 1.6729090847147983 -22.186526713848398 1.25
    endloop
  endfacet
  facet normal 0.7431448254773934 -0.6691306063588593 0
    outer loop
      vertex 2.1617387872822835 -21.513710349045212 -2
      vertex 2.1617387872822835 -21.513710349045212 1.25
      vertex 1.881966011250105 -21.824429495415053 1.25
    endloop
  endfacet
  facet normal 0.5877852522924605 -0.8090169943749566 0
    outer loop
      vertex 2.1617387872822835 -21.513710349045212 -2
      vertex 2.200000047683716 -21.485911916188485 1.25
      vertex 2.1617387872822835 -21.513710349045212 1.25
    endloop
  endfacet
  facet normal 1 0 0
    outer loop
      vertex 2.200000047683716 -21.485911916188485 -2
      vertex 2.200000047683716 8 1.25
      vertex 2.200000047683716 -21.485911916188485 1.25
    endloop
  endfacet
  facet normal 0 0 1
    outer loop
      vertex -1.5437047985323886 -23.41582338163552 1.25
      vertex 0.8334503112771321 -23.899999618530273 1.25
      vertex 2.200000047683716 8 1.25
    endloop
  endfacet
  facet normal 0 0 1
    outer loop
      vertex 0.8334503112771321 -23.899999618530273 1.25
      vertex 1.5437047985323886 -23.41582338163552 1.25
      vertex 1.5 -23 1.25
    endloop
  endfacet
  facet normal 0 0 1
    outer loop
      vertex 0.8334503112771321 -23.899999618530273 1.25
      vertex 1.6729090847147983 -23.813473286151602 1.25
      vertex 1.5437047985323886 -23.41582338163552 1.25
    endloop
  endfacet
  facet normal 0 0 1
    outer loop
      vertex 0.8334503112771321 -23.899999618530273 1.25
      vertex 1.7228650860056154 -23.899999618530273 1.25
      vertex 1.6729090847147983 -23.813473286151602 1.25
    endloop
  endfacet
  facet normal 0 0 1
    outer loop
      vertex 0.8334503112771321 -23.899999618530273 1.25
      vertex 1.5 -23 1.25
      vertex 2.200000047683716 8 1.25
    endloop
  endfacet
  facet normal 0 0 1
    outer loop
      vertex 1.5 -23 1.25
      vertex 1.5437047985323886 -22.58417661836448 1.25
      vertex 2.200000047683716 8 1.25
    endloop
  endfacet
  facet normal 0 0 1
    outer loop
      vertex 1.5437047985323886 -22.58417661836448 1.25
      vertex 1.6729090847147983 -22.186526713848398 1.25
      vertex 2.200000047683716 8 1.25
    endloop
  endfacet
  facet normal 0 0 1
    outer loop
      vertex 1.6729090847147983 -22.186526713848398 1.25
      vertex 1.881966011250105 -21.824429495415053 1.25
      vertex 2.200000047683716 8 1.25
    endloop
  endfacet
  facet normal 0 0 1
    outer loop
      vertex 1.881966011250105 -21.824429495415053 1.25
      vertex 2.1617387872822835 -21.513710349045212 1.25
      vertex 2.200000047683716 8 1.25
    endloop
  endfacet
  facet normal 0 0 1
    outer loop
      vertex 2.1617387872822835 -21.513710349045212 1.25
      vertex 2.200000047683716 -21.485911916188485 1.25
      vertex 2.200000047683716 8 1.25
    endloop
  endfacet
  facet normal 0 0 1
    outer loop
      vertex -1.881966011250105 -21.824429495415053 1.25
      vertex 2.200000047683716 8 1.25
      vertex 1.25 8 1.25
    endloop
  endfacet
  facet normal 0 0 1
    outer loop
      vertex -2.200000047683716 -20.899999618530273 1.25
      vertex 1.25 8 1.25
      vertex 1.25 11.800000190734863 1.25
    endloop
  endfacet
  facet normal 0 1 0
    outer loop
      vertex -2.200000047683716 8 -2
      vertex -2.200000047683716 8 -0.6000000238418579
      vertex -1.25 8 -2
    endloop
  endfacet
  facet normal 0 0 -1
    outer loop
      vertex -1.25 8 -2
      vertex -1.25 11.800000190734863 -2
      vertex 1.25 8 -2
    endloop
  endfacet
  facet normal 0 1 0
    outer loop
      vertex -1.25 11.800000190734863 -2
      vertex -0.13697506487369537 11.800000190734863 -1.2424724102020264
      vertex 1.25 11.800000190734863 -2
    endloop
  endfacet
  facet normal 0 1 0
    outer loop
      vertex -1.25 11.800000190734863 -2
      vertex -0.6954212188720703 11.800000190734863 -1.0386959314346313
      vertex -0.428488165140152 11.800000190734863 -1.1742647886276245
    endloop
  endfacet
  facet normal 0 1 0
    outer loop
      vertex -1.25 11.800000190734863 -2
      vertex -0.428488165140152 11.800000190734863 -1.1742647886276245
      vertex -0.13697506487369537 11.800000190734863 -1.2424724102020264
    endloop
  endfacet
  facet normal 0 1 0
    outer loop
      vertex -1.25 11.800000190734863 -2
      vertex -0.922461748123169 11.800000190734863 -0.8435426950454712
      vertex -0.6954212188720703 11.800000190734863 -1.0386959314346313
    endloop
  endfacet
  facet normal 0 1 0
    outer loop
      vertex -2.200000047683716 8 -0.6000000238418579
      vertex -1.25 8 1.25
      vertex -1.25 8 -2
    endloop
  endfacet
  facet normal 0 1 0
    outer loop
      vertex -1.25 11.800000190734863 -2
      vertex -1.0965856313705444 11.800000190734863 -0.6000000238418579
      vertex -0.922461748123169 11.800000190734863 -0.8435426950454712
    endloop
  endfacet
  facet normal 0 1 0
    outer loop
      vertex -1.25 11.800000190734863 -2
      vertex -1.181017518043518 11.800000190734863 -0.4095088839530945
      vertex -1.0965856313705444 11.800000190734863 -0.6000000238418579
    endloop
  endfacet
  facet normal -1 0 0
    outer loop
      vertex -1.25 8 -2
      vertex -1.25 8 1.25
      vertex -1.25 11.800000190734863 -2
    endloop
  endfacet
  facet normal 0 1 0
    outer loop
      vertex -1.25 11.800000190734863 -2
      vertex -1.2326337099075317 11.800000190734863 -0.2076391726732254
      vertex -1.181017518043518 11.800000190734863 -0.4095088839530945
    endloop
  endfacet
  facet normal 0 1 0
    outer loop
      vertex -1.25 11.800000190734863 -2
      vertex -1.25 11.800000190734863 0
      vertex -1.2326337099075317 11.800000190734863 -0.2076391726732254
    endloop
  endfacet
  facet normal -0.22782474852740675 -0.0005141667021725263 -0.9737020178632816
    outer loop
      vertex -0.13697506487369537 11.800000190734863 -1.2424724102020264
      vertex -0.428488165140152 11.800000190734863 -1.1742647886276245
      vertex -0.3073869592030683 24 -1.2090420457721935
    endloop
  endfacet
  facet normal 0.010241555687688256 -0.0004658199996892191 -0.9999474453934186
    outer loop
      vertex -0.13697506487369537 11.800000190734863 -1.2424724102020264
      vertex 0.008126421710982202 24 -1.2466695697342314
      vertex 0.16239556670188904 11.800000190734863 -1.2394062280654907
    endloop
  endfacet
  facet normal -0.25692017357931907 -0.00020463380749495376 -0.9664326063068119
    outer loop
      vertex -0.428488165140152 11.800000190734863 -1.1742647886276245
      vertex -0.39262186908622154 24 -1.1863828684024627
      vertex -0.3073869592030683 24 -1.2090420457721935
    endloop
  endfacet
  facet normal -0.14652636190509521 0.00009195440964770112 -0.9892067614059477
    outer loop
      vertex -0.13697506487369537 11.800000190734863 -1.2424724102020264
      vertex -0.21631036568913986 24 -1.2295867756950605
      vertex -0.12148032617782513 24 -1.2436334858784406
    endloop
  endfacet
  facet normal -0.14652636190510368 0.00009195440964771199 -0.9892067614059464
    outer loop
      vertex -0.13697506487369537 11.800000190734863 -1.2424724102020264
      vertex -0.12148032617782513 24 -1.2436334858784406
      vertex -0.11454421531965872 24 -1.2446608980732108
    endloop
  endfacet
  facet normal -0.01637231577384298 -0.00014925816299770674 -0.9998659535148712
    outer loop
      vertex -0.13697506487369537 11.800000190734863 -1.2424724102020264
      vertex -0.11454421531965872 24 -1.2446608980732108
      vertex -0.09611940807073927 24 -1.244962595277012
    endloop
  endfacet
  facet normal -0.2278247485274063 -0.0005141667021725203 -0.9737020178632817
    outer loop
      vertex -0.13697506487369537 11.800000190734863 -1.2424724102020264
      vertex -0.3073869592030683 24 -1.2090420457721935
      vertex -0.22643266684753877 24 -1.227983560691291
    endloop
  endfacet
  facet normal -0.2278247485274318 -0.0005141667021727306 -0.9737020178632757
    outer loop
      vertex -0.13697506487369537 11.800000190734863 -1.2424724102020264
      vertex -0.22643266684753877 24 -1.227983560691291
      vertex -0.2252230611586473 24 -1.2282665816841958
    endloop
  endfacet
  facet normal -0.14652636190510007 0.00009195440964766787 -0.989206761405947
    outer loop
      vertex -0.13697506487369537 11.800000190734863 -1.2424724102020264
      vertex -0.2252230611586473 24 -1.2282665816841958
      vertex -0.21631036568913986 24 -1.2295867756950605
    endloop
  endfacet
  facet normal -0.016372315773847984 -0.00014925816299768993 -0.999865953514871
    outer loop
      vertex -0.13697506487369537 11.800000190734863 -1.2424724102020264
      vertex -0.09611940807073927 24 -1.244962595277012
      vertex 0.008126421710982202 24 -1.2466695697342314
    endloop
  endfacet
  facet normal 0 -1 0
    outer loop
      vertex -0.38627124296868426 24 -1.1888206453689418
      vertex -0.3073869592030683 24 -1.2090420457721935
      vertex -0.39262186908622154 24 -1.1863828684024627
    endloop
  endfacet
  facet normal 0 -1 0
    outer loop
      vertex -0.38627124296868426 24 -1.1888206453689418
      vertex -0.2598896135221992 24 -1.2226845009172571
      vertex -0.3073869592030683 24 -1.2090420457721935
    endloop
  endfacet
  facet normal 0 -1 0
    outer loop
      vertex -0.2598896135221992 24 -1.2226845009172571
      vertex -0.22643266684753877 24 -1.227983560691291
      vertex -0.3073869592030683 24 -1.2090420457721935
    endloop
  endfacet
  facet normal -0.3583679495453027 0 -0.9335804264972009
    outer loop
      vertex -0.38627124296868426 24 -1.1888206453689418
      vertex -0.39262186908622154 24 -1.1863828684024627
      vertex -0.38627124296868426 29 -1.1888206453689418
    endloop
  endfacet
  facet normal -0.25881904510252224 2.3877590679993456e-19 -0.9659258262890679
    outer loop
      vertex -0.38627124296868426 24 -1.1888206453689418
      vertex -0.2598896135221992 29 -1.2226845009172571
      vertex -0.2598896135221992 24 -1.2226845009172571
    endloop
  endfacet
  facet normal 0 -1 0
    outer loop
      vertex -0.13066057908456685 24 -1.2431523692103417
      vertex -0.12148032617782513 24 -1.2436334858784406
      vertex -0.21631036568913986 24 -1.2295867756950605
    endloop
  endfacet
  facet normal 0 1 0
    outer loop
      vertex -0.2252230611586473 24 -1.2282665816841958
      vertex -0.22643266684753877 24 -1.227983560691291
      vertex -0.21631036568913986 24 -1.2295867756950605
    endloop
  endfacet
  facet normal 0 1 0
    outer loop
      vertex -0.11454421531965872 24 -1.2446608980732108
      vertex -0.12148032617782513 24 -1.2436334858784406
      vertex -0.09611940807073927 24 -1.244962595277012
    endloop
  endfacet
  facet normal 0 -1 0
    outer loop
      vertex 0 24 -1.25
      vertex 0.008126421710982202 24 -1.2466695697342314
      vertex -0.09611940807073927 24 -1.244962595277012
    endloop
  endfacet
  facet normal -0.1564344650402301 0 -0.9876883405951378
    outer loop
      vertex -0.13066057908456685 24 -1.2431523692103417
      vertex -0.21631036568913986 24 -1.2295867756950605
      vertex -0.13066057908456685 29 -1.2431523692103417
    endloop
  endfacet
  facet normal -0.15643446504022915 -3.2186041744656133e-17 -0.987688340595138
    outer loop
      vertex -0.2598896135221992 24 -1.2226845009172571
      vertex -0.13066057908456685 29 -1.2431523692103417
      vertex -0.22643266684753877 24 -1.227983560691291
    endloop
  endfacet
  facet normal -0.15643446504023656 1.1389586029593352e-16 -0.9876883405951368
    outer loop
      vertex -0.13066057908456685 29 -1.2431523692103417
      vertex -0.21631036568913986 24 -1.2295867756950605
      vertex -0.22643266684753877 24 -1.227983560691291
    endloop
  endfacet
  facet normal -0.052335956242932496 -2.9753107751858993e-16 -0.9986295347545745
    outer loop
      vertex -0.13066057908456685 24 -1.2431523692103417
      vertex 0 29 -1.25
      vertex -0.12148032617782513 24 -1.2436334858784406
    endloop
  endfacet
  facet normal -0.05233595624294419 -1.2646759185644661e-17 -0.9986295347545739
    outer loop
      vertex 0 29 -1.25
      vertex -0.09611940807073927 24 -1.244962595277012
      vertex -0.12148032617782513 24 -1.2436334858784406
    endloop
  endfacet
  facet normal -0.05233595624294485 0 -0.9986295347545738
    outer loop
      vertex 0 24 -1.25
      vertex -0.09611940807073927 24 -1.244962595277012
      vertex 0 29 -1.25
    endloop
  endfacet
  facet normal -0.25881904510252224 0 -0.9659258262890679
    outer loop
      vertex -0.38627124296868426 24 -1.1888206453689418
      vertex -0.38627124296868426 29 -1.1888206453689418
      vertex -0.2598896135221992 29 -1.2226845009172571
    endloop
  endfacet
  facet normal -0.15643446504023034 0 -0.9876883405951378
    outer loop
      vertex -0.2598896135221992 24 -1.2226845009172571
      vertex -0.2598896135221992 29 -1.2226845009172571
      vertex -0.13066057908456685 29 -1.2431523692103417
    endloop
  endfacet
  facet normal -0.052335956242943855 0 -0.9986295347545739
    outer loop
      vertex -0.13066057908456685 24 -1.2431523692103417
      vertex -0.13066057908456685 29 -1.2431523692103417
      vertex 0 29 -1.25
    endloop
  endfacet
  facet normal 0 1 0
    outer loop
      vertex -0.38627124296868426 29 -1.1888206453689418
      vertex 0.2598896135221992 29 -1.2226845009172571
      vertex -0.2598896135221992 29 -1.2226845009172571
    endloop
  endfacet
  facet normal 0 1 0
    outer loop
      vertex -0.13066057908456685 29 -1.2431523692103417
      vertex 0.13066057908456685 29 -1.2431523692103417
      vertex 0 29 -1.25
    endloop
  endfacet
  facet normal 0 1 0
    outer loop
      vertex -0.2598896135221992 29 -1.2226845009172571
      vertex 0.13066057908456685 29 -1.2431523692103417
      vertex -0.13066057908456685 29 -1.2431523692103417
    endloop
  endfacet
  facet normal -0.914222249124819 -0.00007557408984805915 -0.4052131210779268
    outer loop
      vertex -1.0965856313705444 11.800000190734863 -0.6000000238418579
      vertex -1.181017518043518 11.800000190734863 -0.4095088839530945
      vertex -1.1525240388681919 24 -0.47606984927189205
    endloop
  endfacet
  facet normal -0.8134729051748059 -0.0004456798125269709 -0.5816026426315186
    outer loop
      vertex -1.0965856313705444 11.800000190734863 -0.6000000238418579
      vertex -1.0631243406955397 24 -0.6561502965028565
      vertex -1.0541612605833932 24 -0.6686867299433108
    endloop
  endfacet
  facet normal -0.8956978421215992 0.0004101029288000956 -0.4446630268352641
    outer loop
      vertex -1.0965856313705444 11.800000190734863 -0.6000000238418579
      vertex -1.0657915572268568 24 -0.6507776436232708
      vertex -1.0631243406955397 24 -0.6561502965028565
    endloop
  endfacet
  facet normal -0.8956978421216033 0.00041010292880014625 -0.44466302683525527
    outer loop
      vertex -1.0965856313705444 11.800000190734863 -0.6000000238418579
      vertex -1.1525240388681919 24 -0.47606984927189205
      vertex -1.0657915572268568 24 -0.6507776436232708
    endloop
  endfacet
  facet normal -0.9142222491248203 -0.0000755740898480401 -0.4052131210779239
    outer loop
      vertex -1.181017518043518 11.800000190734863 -0.4095088839530945
      vertex -1.166157676562774 24 -0.44531029517912907
      vertex -1.1525240388681919 24 -0.47606984927189205
    endloop
  endfacet
  facet normal -0.9142222491248195 -0.00007557408984804547 -0.4052131210779253
    outer loop
      vertex -1.181017518043518 11.800000190734863 -0.4095088839530945
      vertex -1.176996768549214 24 -0.4208556599788824
      vertex -1.166157676562774 24 -0.44531029517912907
    endloop
  endfacet
  facet normal -0.9688313834715113 0.00008890102408928346 -0.2477210982078135
    outer loop
      vertex -1.181017518043518 11.800000190734863 -0.4095088839530945
      vertex -1.179893009696442 24 -0.40952852903268394
      vertex -1.176996768549214 24 -0.4208556599788824
    endloop
  endfacet
  facet normal -0.9688313834715107 0.00008890102408928338 -0.24772109820781593
    outer loop
      vertex -1.181017518043518 11.800000190734863 -0.4095088839530945
      vertex -1.1919578118283303 24 -0.36234337191319804
      vertex -1.179893009696442 24 -0.40952852903268394
    endloop
  endfacet
  facet normal 0 -1 0
    outer loop
      vertex -1.141931822053251 24 -0.5084208038447503
      vertex -1.0825317547305482 24 -0.625
      vertex -1.0657915572268568 24 -0.6507776436232708
    endloop
  endfacet
  facet normal -0.8386705679454243 1.2798868532239703e-17 -0.5446390350150268
    outer loop
      vertex -1.0825317547305482 29 -0.625
      vertex -1.0541612605833932 24 -0.6686867299433108
      vertex -1.0657915572268568 24 -0.6507776436232708
    endloop
  endfacet
  facet normal -0.8386705679454254 0 -0.5446390350150249
    outer loop
      vertex -1.0825317547305482 24 -0.625
      vertex -1.0825317547305482 29 -0.625
      vertex -1.0657915572268568 24 -0.6507776436232708
    endloop
  endfacet
  facet normal 0 -1 0
    outer loop
      vertex -1.141931822053251 24 -0.5084208038447503
      vertex -1.0657915572268568 24 -0.6507776436232708
      vertex -1.1525240388681919 24 -0.47606984927189205
    endloop
  endfacet
  facet normal 0 -1 0
    outer loop
      vertex -1.141931822053251 24 -0.5084208038447503
      vertex -1.1525240388681919 24 -0.47606984927189205
      vertex -1.166157676562774 24 -0.44531029517912907
    endloop
  endfacet
  facet normal 0 1 0
    outer loop
      vertex -1.176996768549214 24 -0.4208556599788824
      vertex -1.179893009696442 24 -0.40952852903268394
      vertex -1.166157676562774 24 -0.44531029517912907
    endloop
  endfacet
  facet normal 0 -1 0
    outer loop
      vertex -1.1888206453689418 24 -0.38627124296868426
      vertex -1.179893009696442 24 -0.40952852903268394
      vertex -1.1919578118283303 24 -0.36234337191319804
    endloop
  endfacet
  facet normal -0.8910065241883677 0 -0.45399049973954725
    outer loop
      vertex -1.141931822053251 24 -0.5084208038447503
      vertex -1.141931822053251 29 -0.5084208038447503
      vertex -1.0825317547305482 24 -0.625
    endloop
  endfacet
  facet normal -0.9335804264972022 -1.2446359498845913e-17 -0.3583679495452992
    outer loop
      vertex -1.141931822053251 24 -0.5084208038447503
      vertex -1.166157676562774 24 -0.44531029517912907
      vertex -1.1888206453689418 29 -0.38627124296868426
    endloop
  endfacet
  facet normal -0.933580426497202 -6.6887822711583164e-18 -0.3583679495452996
    outer loop
      vertex -1.1888206453689418 29 -0.38627124296868426
      vertex -1.166157676562774 24 -0.44531029517912907
      vertex -1.179893009696442 24 -0.40952852903268394
    endloop
  endfacet
  facet normal -0.9335804264972015 0 -0.3583679495453009
    outer loop
      vertex -1.1888206453689418 24 -0.38627124296868426
      vertex -1.1888206453689418 29 -0.38627124296868426
      vertex -1.179893009696442 24 -0.40952852903268394
    endloop
  endfacet
  facet normal -0.8910065241883677 0 -0.45399049973954725
    outer loop
      vertex -1.0825317547305482 24 -0.625
      vertex -1.141931822053251 29 -0.5084208038447503
      vertex -1.0825317547305482 29 -0.625
    endloop
  endfacet
  facet normal -0.933580426497202 0 -0.3583679495452996
    outer loop
      vertex -1.141931822053251 24 -0.5084208038447503
      vertex -1.1888206453689418 29 -0.38627124296868426
      vertex -1.141931822053251 29 -0.5084208038447503
    endloop
  endfacet
  facet normal -0.45282244343666067 -0.00040320338863461097 -0.8916006236802887
    outer loop
      vertex -0.6954212188720703 11.800000190734863 -1.0386959314346313
      vertex -0.5553687631010444 24 -1.1153423296996945
      vertex -0.428488165140152 11.800000190734863 -1.1742647886276245
    endloop
  endfacet
  facet normal -0.6518440806977182 -0.000394414082979956 -0.7583529118404424
    outer loop
      vertex -0.6954212188720703 11.800000190734863 -1.0386959314346313
      vertex -0.922461748123169 11.800000190734863 -0.8435426950454712
      vertex -0.8200665962734365 24 -0.9379018308057026
    endloop
  endfacet
  facet normal -0.48069259456047037 0.000009162394684203236 -0.876889177405431
    outer loop
      vertex -0.6954212188720703 11.800000190734863 -1.0386959314346313
      vertex -0.6964637426465994 24 -1.0379969666312538
      vertex -0.6779480584707486 24 -1.0481468835145784
    endloop
  endfacet
  facet normal -0.6293337516831232 -0.000009254531827348307 -0.7771351419841975
    outer loop
      vertex -0.6954212188720703 11.800000190734863 -1.0386959314346313
      vertex -0.8200665962734365 24 -0.9379018308057026
      vertex -0.70814860353006 24 -1.028534420234358
    endloop
  endfacet
  facet normal -0.6293337516831239 -0.000009254531827349398 -0.777135141984197
    outer loop
      vertex -0.6954212188720703 11.800000190734863 -1.0386959314346313
      vertex -0.70814860353006 24 -1.028534420234358
      vertex -0.6964637426465994 24 -1.0379969666312538
    endloop
  endfacet
  facet normal -0.48069259456047053 0.000009162394684203493 -0.8768891774054312
    outer loop
      vertex -0.6954212188720703 11.800000190734863 -1.0386959314346313
      vertex -0.6779480584707486 24 -1.0481468835145784
      vertex -0.5553687631010444 24 -1.1153423296996945
    endloop
  endfacet
  facet normal -0.6518440806977184 -0.0003944140829799537 -0.7583529118404422
    outer loop
      vertex -0.922461748123169 11.800000190734863 -0.8435426950454712
      vertex -0.8725834336862178 24 -0.8927608561090977
      vertex -0.8200665962734365 24 -0.9379018308057026
    endloop
  endfacet
  facet normal -0.7728094170602058 0.00036470001662192007 -0.6346380637000609
    outer loop
      vertex -0.922461748123169 11.800000190734863 -0.8435426950454712
      vertex -1.0128675273794334 24 -0.7264432300908187
      vertex -0.8932923032518474 24 -0.8720519865434682
    endloop
  endfacet
  facet normal -0.6518440806977182 -0.000394414082979954 -0.7583529118404424
    outer loop
      vertex -0.922461748123169 11.800000190734863 -0.8435426950454712
      vertex -0.8851717000655113 24 -0.8819405812773252
      vertex -0.8725834336862178 24 -0.8927608561090977
    endloop
  endfacet
  facet normal -0.7728094170602057 0.0003647000166219201 -0.634638063700061
    outer loop
      vertex -0.922461748123169 11.800000190734863 -0.8435426950454712
      vertex -0.8932923032518474 24 -0.8720519865434682
      vertex -0.8851717000655113 24 -0.8819405812773252
    endloop
  endfacet
  facet normal -0.452822443436659 -0.0004032033886345895 -0.8916006236802895
    outer loop
      vertex -0.428488165140152 11.800000190734863 -1.1742647886276245
      vertex -0.5553687631010444 24 -1.1153423296996945
      vertex -0.48627971847641566 24 -1.1504309884228034
    endloop
  endfacet
  facet normal -0.45282244343666866 -0.0004032033886346473 -0.8916006236802846
    outer loop
      vertex -0.428488165140152 11.800000190734863 -1.1742647886276245
      vertex -0.48627971847641566 24 -1.1504309884228034
      vertex -0.4797385265216876 24 -1.1537531019849294
    endloop
  endfacet
  facet normal -0.3530665730850797 0.00008982849200608658 -0.9355981973586739
    outer loop
      vertex -0.428488165140152 11.800000190734863 -1.1742647886276245
      vertex -0.4797385265216876 24 -1.1537531019849294
      vertex -0.39482257134139315 24 -1.185797825222312
    endloop
  endfacet
  facet normal -0.256920173579279 -0.00020463380749508156 -0.9664326063068226
    outer loop
      vertex -0.428488165140152 11.800000190734863 -1.1742647886276245
      vertex -0.39482257134139315 24 -1.185797825222312
      vertex -0.39262186908622154 24 -1.1863828684024627
    endloop
  endfacet
  facet normal -0.8134729051748045 -0.00044567981252698215 -0.5816026426315206
    outer loop
      vertex -1.0965856313705444 11.800000190734863 -0.6000000238418579
      vertex -1.0128675273794334 24 -0.7264432300908187
      vertex -0.922461748123169 11.800000190734863 -0.8435426950454712
    endloop
  endfacet
  facet normal -0.8134729051748039 -0.00044567981252699446 -0.5816026426315213
    outer loop
      vertex -1.0965856313705444 11.800000190734863 -0.6000000238418579
      vertex -1.0541612605833932 24 -0.6686867299433108
      vertex -1.0128675273794334 24 -0.7264432300908187
    endloop
  endfacet
  facet normal 0 -1 0
    outer loop
      vertex -0.5084208038447503 24 -1.141931822053251
      vertex -0.5553687631010444 24 -1.1153423296996945
      vertex -0.625 24 -1.0825317547305482
    endloop
  endfacet
  facet normal 0 1 0
    outer loop
      vertex -0.6964637426465994 24 -1.0379969666312538
      vertex -0.70814860353006 24 -1.028534420234358
      vertex -0.6779480584707486 24 -1.0481468835145784
    endloop
  endfacet
  facet normal 0 -1 0
    outer loop
      vertex -0.7347315653655915 24 -1.0112712429686843
      vertex -0.70814860353006 24 -1.028534420234358
      vertex -0.8200665962734365 24 -0.9379018308057026
    endloop
  endfacet
  facet normal 0 -1 0
    outer loop
      vertex -0.625 24 -1.0825317547305482
      vertex -0.5553687631010444 24 -1.1153423296996945
      vertex -0.6779480584707486 24 -1.0481468835145784
    endloop
  endfacet
  facet normal -0.45399049973954725 0 -0.8910065241883677
    outer loop
      vertex -0.5084208038447503 24 -1.141931822053251
      vertex -0.625 24 -1.0825317547305482
      vertex -0.5084208038447503 29 -1.141931822053251
    endloop
  endfacet
  facet normal -0.5446390350150265 1.450027589840461e-17 -0.8386705679454244
    outer loop
      vertex -0.7347315653655915 24 -1.0112712429686843
      vertex -0.625 29 -1.0825317547305482
      vertex -0.70814860353006 24 -1.028534420234358
    endloop
  endfacet
  facet normal -0.544639035015026 1.6835574359855343e-18 -0.8386705679454248
    outer loop
      vertex -0.625 29 -1.0825317547305482
      vertex -0.6779480584707486 24 -1.0481468835145784
      vertex -0.70814860353006 24 -1.028534420234358
    endloop
  endfacet
  facet normal -0.5446390350150259 0 -0.8386705679454248
    outer loop
      vertex -0.625 24 -1.0825317547305482
      vertex -0.6779480584707486 24 -1.0481468835145784
      vertex -0.625 29 -1.0825317547305482
    endloop
  endfacet
  facet normal 0 -1 0
    outer loop
      vertex -0.7347315653655915 24 -1.0112712429686843
      vertex -0.8200665962734365 24 -0.9379018308057026
      vertex -0.8364132579485728 24 -0.9289310318467427
    endloop
  endfacet
  facet normal 0 -1 0
    outer loop
      vertex -0.8364132579485728 24 -0.9289310318467427
      vertex -0.8200665962734365 24 -0.9379018308057026
      vertex -0.8725834336862178 24 -0.8927608561090977
    endloop
  endfacet
  facet normal 0 -1 0
    outer loop
      vertex -1.0112712429686843 24 -0.7347315653655915
      vertex -0.9289310318467427 24 -0.8364132579485728
      vertex -0.8932923032518474 24 -0.8720519865434682
    endloop
  endfacet
  facet normal 0 1 0
    outer loop
      vertex -0.8851717000655113 24 -0.8819405812773252
      vertex -0.8932923032518474 24 -0.8720519865434682
      vertex -0.8725834336862178 24 -0.8927608561090977
    endloop
  endfacet
  facet normal -0.7071067811865476 -4.438207302166885e-19 -0.7071067811865476
    outer loop
      vertex -0.8364132579485728 24 -0.9289310318467427
      vertex -0.8725834336862178 24 -0.8927608561090977
      vertex -0.9289310318467427 29 -0.8364132579485728
    endloop
  endfacet
  facet normal -0.7071067811865476 1.387210069341935e-18 -0.7071067811865476
    outer loop
      vertex -0.9289310318467427 29 -0.8364132579485728
      vertex -0.8725834336862178 24 -0.8927608561090977
      vertex -0.8932923032518474 24 -0.8720519865434682
    endloop
  endfacet
  facet normal -0.7071067811865475 0 -0.7071067811865475
    outer loop
      vertex -0.9289310318467427 24 -0.8364132579485728
      vertex -0.9289310318467427 29 -0.8364132579485728
      vertex -0.8932923032518474 24 -0.8720519865434682
    endloop
  endfacet
  facet normal -0.6293203910498381 0 -0.7771459614569706
    outer loop
      vertex -0.7347315653655915 24 -1.0112712429686843
      vertex -0.8364132579485728 24 -0.9289310318467427
      vertex -0.7347315653655915 29 -1.0112712429686843
    endloop
  endfacet
  facet normal -0.45399049973954725 0 -0.8910065241883677
    outer loop
      vertex -0.625 24 -1.0825317547305482
      vertex -0.625 29 -1.0825317547305482
      vertex -0.5084208038447503 29 -1.141931822053251
    endloop
  endfacet
  facet normal -0.5446390350150261 0 -0.8386705679454248
    outer loop
      vertex -0.7347315653655915 24 -1.0112712429686843
      vertex -0.7347315653655915 29 -1.0112712429686843
      vertex -0.625 29 -1.0825317547305482
    endloop
  endfacet
  facet normal -0.6293203910498381 0 -0.7771459614569706
    outer loop
      vertex -0.8364132579485728 24 -0.9289310318467427
      vertex -0.8364132579485728 29 -0.9289310318467427
      vertex -0.7347315653655915 29 -1.0112712429686843
    endloop
  endfacet
  facet normal -0.7071067811865476 0 -0.7071067811865476
    outer loop
      vertex -0.8364132579485728 24 -0.9289310318467427
      vertex -0.9289310318467427 29 -0.8364132579485728
      vertex -0.8364132579485728 29 -0.9289310318467427
    endloop
  endfacet
  facet normal -0.7771459614569706 0 -0.6293203910498381
    outer loop
      vertex -0.9289310318467427 24 -0.8364132579485728
      vertex -1.0112712429686843 29 -0.7347315653655915
      vertex -0.9289310318467427 29 -0.8364132579485728
    endloop
  endfacet
  facet normal 0 1 0
    outer loop
      vertex -0.4797385265216876 24 -1.1537531019849294
      vertex -0.48627971847641566 24 -1.1504309884228034
      vertex -0.39262186908622154 24 -1.1863828684024627
    endloop
  endfacet
  facet normal 0 1 0
    outer loop
      vertex -0.4797385265216876 24 -1.1537531019849294
      vertex -0.39262186908622154 24 -1.1863828684024627
      vertex -0.39482257134139315 24 -1.185797825222312
    endloop
  endfacet
  facet normal 0 -1 0
    outer loop
      vertex -0.5084208038447503 24 -1.141931822053251
      vertex -0.48627971847641566 24 -1.1504309884228034
      vertex -0.5553687631010444 24 -1.1153423296996945
    endloop
  endfacet
  facet normal -0.3583679495452947 -1.3867937305433996e-16 -0.9335804264972039
    outer loop
      vertex -0.5084208038447503 24 -1.141931822053251
      vertex -0.38627124296868426 29 -1.1888206453689418
      vertex -0.48627971847641566 24 -1.1504309884228034
    endloop
  endfacet
  facet normal -0.3583679495453006 -2.992916467041219e-18 -0.9335804264972016
    outer loop
      vertex -0.38627124296868426 29 -1.1888206453689418
      vertex -0.39262186908622154 24 -1.1863828684024627
      vertex -0.48627971847641566 24 -1.1504309884228034
    endloop
  endfacet
  facet normal -0.3583679495452996 0 -0.933580426497202
    outer loop
      vertex -0.5084208038447503 24 -1.141931822053251
      vertex -0.5084208038447503 29 -1.141931822053251
      vertex -0.38627124296868426 29 -1.1888206453689418
    endloop
  endfacet
  facet normal 0 1 0
    outer loop
      vertex -0.5084208038447503 29 -1.141931822053251
      vertex 0.38627124296868426 29 -1.1888206453689418
      vertex -0.38627124296868426 29 -1.1888206453689418
    endloop
  endfacet
  facet normal 0 1 0
    outer loop
      vertex -0.5084208038447503 29 -1.141931822053251
      vertex -0.625 29 -1.0825317547305482
      vertex 0.5084208038447503 29 -1.141931822053251
    endloop
  endfacet
  facet normal 0 1 0
    outer loop
      vertex -0.7347315653655915 29 -1.0112712429686843
      vertex 0.625 29 -1.0825317547305482
      vertex -0.625 29 -1.0825317547305482
    endloop
  endfacet
  facet normal 0 1 0
    outer loop
      vertex -0.7347315653655915 29 -1.0112712429686843
      vertex -0.8364132579485728 29 -0.9289310318467427
      vertex 0.7347315653655915 29 -1.0112712429686843
    endloop
  endfacet
  facet normal 0 1 0
    outer loop
      vertex -0.9289310318467427 29 -0.8364132579485728
      vertex 0.8364132579485728 29 -0.9289310318467427
      vertex -0.8364132579485728 29 -0.9289310318467427
    endloop
  endfacet
  facet normal 0 1 0
    outer loop
      vertex -1.0112712429686843 29 -0.7347315653655915
      vertex 0.9289310318467427 29 -0.8364132579485728
      vertex -0.9289310318467427 29 -0.8364132579485728
    endloop
  endfacet
  facet normal 0 -1 0
    outer loop
      vertex -1.0112712429686843 24 -0.7347315653655915
      vertex -0.8932923032518474 24 -0.8720519865434682
      vertex -1.0128675273794334 24 -0.7264432300908187
    endloop
  endfacet
  facet normal 0 -1 0
    outer loop
      vertex -1.0112712429686843 24 -0.7347315653655915
      vertex -1.0128675273794334 24 -0.7264432300908187
      vertex -1.0541612605833932 24 -0.6686867299433108
    endloop
  endfacet
  facet normal 0 1 0
    outer loop
      vertex -1.0631243406955397 24 -0.6561502965028565
      vertex -1.0657915572268568 24 -0.6507776436232708
      vertex -1.0541612605833932 24 -0.6686867299433108
    endloop
  endfacet
  facet normal -0.7771459614569706 0 -0.6293203910498381
    outer loop
      vertex -1.0112712429686843 24 -0.7347315653655915
      vertex -1.0112712429686843 29 -0.7347315653655915
      vertex -0.9289310318467427 24 -0.8364132579485728
    endloop
  endfacet
  facet normal -0.8386705679454245 7.648018217502818e-18 -0.5446390350150262
    outer loop
      vertex -1.0112712429686843 24 -0.7347315653655915
      vertex -1.0541612605833932 24 -0.6686867299433108
      vertex -1.0825317547305482 29 -0.625
    endloop
  endfacet
  facet normal -0.8386705679454248 0 -0.5446390350150261
    outer loop
      vertex -1.0112712429686843 24 -0.7347315653655915
      vertex -1.0825317547305482 29 -0.625
      vertex -1.0112712429686843 29 -0.7347315653655915
    endloop
  endfacet
  facet normal 0 1 0
    outer loop
      vertex -1.0112712429686843 29 -0.7347315653655915
      vertex -1.0825317547305482 29 -0.625
      vertex 1.0112712429686843 29 -0.7347315653655915
    endloop
  endfacet
  facet normal 0 1 0
    outer loop
      vertex -1.141931822053251 29 -0.5084208038447503
      vertex 1.0825317547305482 29 -0.625
      vertex -1.0825317547305482 29 -0.625
    endloop
  endfacet
  facet normal 0 1 0
    outer loop
      vertex -1.141931822053251 29 -0.5084208038447503
      vertex -1.1888206453689418 29 -0.38627124296868426
      vertex 1.141931822053251 29 -0.5084208038447503
    endloop
  endfacet
  facet normal 0 0 -1
    outer loop
      vertex -1.25 11.800000190734863 -2
      vertex 1.25 11.800000190734863 -2
      vertex 1.25 8 -2
    endloop
  endfacet
  facet normal 0 1 0
    outer loop
      vertex -0.13697506487369537 11.800000190734863 -1.2424724102020264
      vertex 0.16239556670188904 11.800000190734863 -1.2394062280654907
      vertex 1.25 11.800000190734863 -2
    endloop
  endfacet
  facet normal 0 1 0
    outer loop
      vertex 0.16239556670188904 11.800000190734863 -1.2394062280654907
      vertex 0.4524504542350769 11.800000190734863 -1.1652418375015259
      vertex 1.25 11.800000190734863 -2
    endloop
  endfacet
  facet normal 0 1 0
    outer loop
      vertex 1.25 11.800000190734863 -2
      vertex 0.4524504542350769 11.800000190734863 -1.1652418375015259
      vertex 0.7165507078170776 11.800000190734863 -1.0242339372634888
    endloop
  endfacet
  facet normal 0 1 0
    outer loop
      vertex 1.25 11.800000190734863 -2
      vertex 0.7165507078170776 11.800000190734863 -1.0242339372634888
      vertex 0.9395462870597839 11.800000190734863 -0.8244711756706238
    endloop
  endfacet
  facet normal 0 1 0
    outer loop
      vertex 1.25 11.800000190734863 -2
      vertex 0.9395462870597839 11.800000190734863 -0.8244711756706238
      vertex 1.1086452007293701 11.800000190734863 -0.577413022518158
    endloop
  endfacet
  facet normal 0 1 0
    outer loop
      vertex 1.25 8 -2
      vertex 1.25 8 1.25
      vertex 2.200000047683716 8 -2
    endloop
  endfacet
  facet normal 1 0 0
    outer loop
      vertex 1.25 8 -2
      vertex 1.25 11.800000190734863 -2
      vertex 1.25 8 1.25
    endloop
  endfacet
  facet normal 0 1 0
    outer loop
      vertex 1.25 11.800000190734863 -2
      vertex 1.1086452007293701 11.800000190734863 -0.577413022518158
      vertex 1.2141470909118652 11.800000190734863 -0.2972318232059479
    endloop
  endfacet
  facet normal 0 1 0
    outer loop
      vertex 1.25 11.800000190734863 -2
      vertex 1.2141470909118652 11.800000190734863 -0.2972318232059479
      vertex 1.25 11.800000190734863 0
    endloop
  endfacet
  facet normal 0.24772131928713884 -0.0003899159834565308 -0.9688312525595802
    outer loop
      vertex 0.16239556670188904 11.800000190734863 -1.2394062280654907
      vertex 0.2958958755123518 24 -1.2101814300161235
      vertex 0.4524504542350769 11.800000190734863 -1.1652418375015259
    endloop
  endfacet
  facet normal 0.010241555687687798 -0.0004658199996892248 -0.9999474453934186
    outer loop
      vertex 0.16239556670188904 11.800000190734863 -1.2394062280654907
      vertex 0.008126421710982202 24 -1.2466695697342314
      vertex 0.07701045686689556 24 -1.2459640529740337
    endloop
  endfacet
  facet normal 0.0102415556876962 -0.00046581999968916583 -0.9999474453934184
    outer loop
      vertex 0.16239556670188904 11.800000190734863 -1.2394062280654907
      vertex 0.07701045686689556 24 -1.2459640529740337
      vertex 0.09234858111698596 24 -1.2458069584643414
    endloop
  endfacet
  facet normal 0.12003517633130009 0.0001683320968169982 -0.9927696248916054
    outer loop
      vertex 0.16239556670188904 11.800000190734863 -1.2394062280654907
      vertex 0.09234858111698596 24 -1.2458069584643414
      vertex 0.10178985485235809 24 -1.2446654197536449
    endloop
  endfacet
  facet normal 0.12003517633130714 0.0001683320968170334 -0.9927696248916045
    outer loop
      vertex 0.16239556670188904 11.800000190734863 -1.2394062280654907
      vertex 0.10178985485235809 24 -1.2446654197536449
      vertex 0.18343413471894907 24 -1.2347938591372543
    endloop
  endfacet
  facet normal 0.12003517633130503 0.00016833209681703715 -0.9927696248916048
    outer loop
      vertex 0.16239556670188904 11.800000190734863 -1.2394062280654907
      vertex 0.18343413471894907 24 -1.2347938591372543
      vertex 0.2141728724229062 24 -1.2310772569085155
    endloop
  endfacet
  facet normal 0.24772131928713706 -0.00038991598345651616 -0.9688312525595808
    outer loop
      vertex 0.16239556670188904 11.800000190734863 -1.2394062280654907
      vertex 0.2141728724229062 24 -1.2310772569085155
      vertex 0.22601109707506495 24 -1.228050330783762
    endloop
  endfacet
  facet normal 0.247721319287138 -0.0003899159834565208 -0.9688312525595806
    outer loop
      vertex 0.16239556670188904 11.800000190734863 -1.2394062280654907
      vertex 0.22601109707506495 24 -1.228050330783762
      vertex 0.2958958755123518 24 -1.2101814300161235
    endloop
  endfacet
  facet normal 0 -1 0
    outer loop
      vertex 0 24 -1.25
      vertex 0.07701045686689556 24 -1.2459640529740337
      vertex 0.008126421710982202 24 -1.2466695697342314
    endloop
  endfacet
  facet normal 0 1 0
    outer loop
      vertex 0.09234858111698596 24 -1.2458069584643414
      vertex 0.07701045686689556 24 -1.2459640529740337
      vertex 0.10178985485235809 24 -1.2446654197536449
    endloop
  endfacet
  facet normal 0 -1 0
    outer loop
      vertex 0.13066057908456685 24 -1.2431523692103417
      vertex 0.18343413471894907 24 -1.2347938591372543
      vertex 0.10178985485235809 24 -1.2446654197536449
    endloop
  endfacet
  facet normal 0 1 0
    outer loop
      vertex 0.2141728724229062 24 -1.2310772569085155
      vertex 0.18343413471894907 24 -1.2347938591372543
      vertex 0.22601109707506495 24 -1.228050330783762
    endloop
  endfacet
  facet normal 0 -1 0
    outer loop
      vertex 0.2598896135221992 24 -1.2226845009172571
      vertex 0.2958958755123518 24 -1.2101814300161235
      vertex 0.22601109707506495 24 -1.228050330783762
    endloop
  endfacet
  facet normal 0.052335956242942495 3.546651867888324e-17 -0.9986295347545738
    outer loop
      vertex 0 24 -1.25
      vertex 0.13066057908456685 29 -1.2431523692103417
      vertex 0.07701045686689556 24 -1.2459640529740337
    endloop
  endfacet
  facet normal 0.05233595624294608 -3.053383319332851e-18 -0.9986295347545738
    outer loop
      vertex 0.13066057908456685 29 -1.2431523692103417
      vertex 0.10178985485235809 24 -1.2446654197536449
      vertex 0.07701045686689556 24 -1.2459640529740337
    endloop
  endfacet
  facet normal 0.05233595624294555 0 -0.9986295347545737
    outer loop
      vertex 0.13066057908456685 24 -1.2431523692103417
      vertex 0.10178985485235809 24 -1.2446654197536449
      vertex 0.13066057908456685 29 -1.2431523692103417
    endloop
  endfacet
  facet normal 0.15643446504023095 -1.621385197680582e-17 -0.9876883405951378
    outer loop
      vertex 0.13066057908456685 24 -1.2431523692103417
      vertex 0.2598896135221992 29 -1.2226845009172571
      vertex 0.18343413471894907 24 -1.2347938591372543
    endloop
  endfacet
  facet normal 0.1564344650402302 -3.659385533947636e-18 -0.9876883405951379
    outer loop
      vertex 0.2598896135221992 29 -1.2226845009172571
      vertex 0.22601109707506495 24 -1.228050330783762
      vertex 0.18343413471894907 24 -1.2347938591372543
    endloop
  endfacet
  facet normal 0.15643446504022965 0 -0.9876883405951379
    outer loop
      vertex 0.2598896135221992 24 -1.2226845009172571
      vertex 0.22601109707506495 24 -1.228050330783762
      vertex 0.2598896135221992 29 -1.2226845009172571
    endloop
  endfacet
  facet normal 0 -1 0
    outer loop
      vertex 0.2598896135221992 24 -1.2226845009172571
      vertex 0.38627124296868426 24 -1.1888206453689418
      vertex 0.2958958755123518 24 -1.2101814300161235
    endloop
  endfacet
  facet normal 0.25881904510252224 -2.3877590679993456e-19 -0.9659258262890679
    outer loop
      vertex 0.2598896135221992 24 -1.2226845009172571
      vertex 0.38627124296868426 29 -1.1888206453689418
      vertex 0.38627124296868426 24 -1.1888206453689418
    endloop
  endfacet
  facet normal 0.052335956242943855 0 -0.9986295347545739
    outer loop
      vertex 0 24 -1.25
      vertex 0 29 -1.25
      vertex 0.13066057908456685 29 -1.2431523692103417
    endloop
  endfacet
  facet normal 0.15643446504023034 0 -0.9876883405951378
    outer loop
      vertex 0.13066057908456685 24 -1.2431523692103417
      vertex 0.13066057908456685 29 -1.2431523692103417
      vertex 0.2598896135221992 29 -1.2226845009172571
    endloop
  endfacet
  facet normal 0 1 0
    outer loop
      vertex -0.2598896135221992 29 -1.2226845009172571
      vertex 0.2598896135221992 29 -1.2226845009172571
      vertex 0.13066057908456685 29 -1.2431523692103417
    endloop
  endfacet
  facet normal 0 1 0
    outer loop
      vertex -0.38627124296868426 29 -1.1888206453689418
      vertex 0.38627124296868426 29 -1.1888206453689418
      vertex 0.2598896135221992 29 -1.2226845009172571
    endloop
  endfacet
  facet normal 0.25881904510252224 0 -0.9659258262890679
    outer loop
      vertex 0.2598896135221992 24 -1.2226845009172571
      vertex 0.2598896135221992 29 -1.2226845009172571
      vertex 0.38627124296868426 29 -1.1888206453689418
    endloop
  endfacet
  facet normal 0.29559085113887595 0.00027415185637226643 -0.9553145940284565
    outer loop
      vertex 0.4524504542350769 11.800000190734863 -1.1652418375015259
      vertex 0.2958958755123518 24 -1.2101814300161235
      vertex 0.47496439298920917 24 -1.1547745349220617
    endloop
  endfacet
  facet normal 0.29559085113888034 0.0002741518563722569 -0.955314594028455
    outer loop
      vertex 0.4524504542350769 11.800000190734863 -1.1652418375015259
      vertex 0.47496439298920917 24 -1.1547745349220617
      vertex 0.4865277703710169 24 -1.151196626049221
    endloop
  endfacet
  facet normal 0.47098976105815893 -0.0003000199601046167 -0.8821386257082283
    outer loop
      vertex 0.4524504542350769 11.800000190734863 -1.1652418375015259
      vertex 0.4865277703710169 24 -1.151196626049221
      vertex 0.4922647422038072 24 -1.1481335530650243
    endloop
  endfacet
  facet normal 0.4709897610581585 -0.00030001996010461365 -0.8821386257082287
    outer loop
      vertex 0.4524504542350769 11.800000190734863 -1.1652418375015259
      vertex 0.4922647422038072 24 -1.1481335530650243
      vertex 0.561355388681392 24 -1.1112448077731993
    endloop
  endfacet
  facet normal 0.47098976105815693 -0.00030001996010459647 -0.8821386257082294
    outer loop
      vertex 0.4524504542350769 11.800000190734863 -1.1652418375015259
      vertex 0.561355388681392 24 -1.1112448077731993
      vertex 0.7165507078170776 11.800000190734863 -1.0242339372634888
    endloop
  endfacet
  facet normal 0.6672406294094727 -0.00046886293034841204 -0.744842078989099
    outer loop
      vertex 0.7165507078170776 11.800000190734863 -1.0242339372634888
      vertex 0.8261255918870205 24 -0.9337547754995051
      vertex 0.9395462870597839 11.800000190734863 -0.8244711756706238
    endloop
  endfacet
  facet normal 0.48071618302028785 -0.00013875927511120936 -0.8768762353538091
    outer loop
      vertex 0.7165507078170776 11.800000190734863 -1.0242339372634888
      vertex 0.561355388681392 24 -1.1112448077731993
      vertex 0.6860499551121179 24 -1.0428854503163718
    endloop
  endfacet
  facet normal 0.4807161830202904 -0.00013875927511120095 -0.8768762353538077
    outer loop
      vertex 0.7165507078170776 11.800000190734863 -1.0242339372634888
      vertex 0.6860499551121179 24 -1.0428854503163718
      vertex 0.7024866086792488 24 -1.0338746400721759
    endloop
  endfacet
  facet normal 0.6293165532781102 0.0001113530555942984 -0.7771490612299911
    outer loop
      vertex 0.7165507078170776 11.800000190734863 -1.0242339372634888
      vertex 0.7024866086792488 24 -1.0338746400721759
      vertex 0.7128582200369022 24 -1.0254759595137664
    endloop
  endfacet
  facet normal 0.6293165532781096 0.00011135305559429818 -0.7771490612299916
    outer loop
      vertex 0.7165507078170776 11.800000190734863 -1.0242339372634888
      vertex 0.7128582200369022 24 -1.0254759595137664
      vertex 0.8261255918870205 24 -0.9337547754995051
    endloop
  endfacet
  facet normal 0.6672406294094726 -0.0004688629303484147 -0.7448420789890992
    outer loop
      vertex 0.9395462870597839 11.800000190734863 -0.8244711756706238
      vertex 0.8261255918870205 24 -0.9337547754995051
      vertex 0.8785699643625917 24 -0.8867743254327238
    endloop
  endfacet
  facet normal 0.6672406294094732 -0.0004688629303484125 -0.7448420789890987
    outer loop
      vertex 0.9395462870597839 11.800000190734863 -0.8244711756706238
      vertex 0.8785699643625917 24 -0.8867743254327238
      vertex 0.8900707843143765 24 -0.876471719605501
    endloop
  endfacet
  facet normal 0.7728029087117028 0.0004289244238109625 -0.6346459487860695
    outer loop
      vertex 0.9395462870597839 11.800000190734863 -0.8244711756706238
      vertex 0.8900707843143765 24 -0.876471719605501
      vertex 0.8955749712937424 24 -0.8697693185015731
    endloop
  endfacet
  facet normal 0.7728029087117023 0.00042892442381095987 -0.6346459487860698
    outer loop
      vertex 0.9395462870597839 11.800000190734863 -0.8244711756706238
      vertex 0.8955749712937424 24 -0.8697693185015731
      vertex 1.0177985826023945 24 -0.7209386791297393
    endloop
  endfacet
  facet normal 0.8252151111812105 -0.0004998297389538875 -0.5648183517277164
    outer loop
      vertex 0.9395462870597839 11.800000190734863 -0.8244711756706238
      vertex 1.0177985826023945 24 -0.7209386791297393
      vertex 1.1086452007293701 11.800000190734863 -0.577413022518158
    endloop
  endfacet
  facet normal 0.8252151111812113 -0.0004998297389538679 -0.5648183517277152
    outer loop
      vertex 1.1086452007293701 11.800000190734863 -0.577413022518158
      vertex 1.0177985826023945 24 -0.7209386791297393
      vertex 1.065259036762322 24 -0.6515976532291222
    endloop
  endfacet
  facet normal 0.825215111181217 -0.0004998297389537922 -0.5648183517277069
    outer loop
      vertex 1.1086452007293701 11.800000190734863 -0.577413022518158
      vertex 1.065259036762322 24 -0.6515976532291222
      vertex 1.066605055199696 24 -0.6496310833557252
    endloop
  endfacet
  facet normal 0.8956957713531334 0.00045427713165306324 -0.44466715508614213
    outer loop
      vertex 1.1086452007293701 11.800000190734863 -0.577413022518158
      vertex 1.066605055199696 24 -0.6496310833557252
      vertex 1.0668287220503299 24 -0.6491805498499036
    endloop
  endfacet
  facet normal 0.8956957713530664 0.00045427713165201237 -0.44466715508627697
    outer loop
      vertex 1.1086452007293701 11.800000190734863 -0.577413022518158
      vertex 1.0668287220503299 24 -0.6491805498499036
      vertex 1.156019526090113 24 -0.4695229675251794
    endloop
  endfacet
  facet normal 0 -1 0
    outer loop
      vertex 0.38627124296868426 24 -1.1888206453689418
      vertex 0.47496439298920917 24 -1.1547745349220617
      vertex 0.2958958755123518 24 -1.2101814300161235
    endloop
  endfacet
  facet normal 0 1 0
    outer loop
      vertex 0.4865277703710169 24 -1.151196626049221
      vertex 0.47496439298920917 24 -1.1547745349220617
      vertex 0.4922647422038072 24 -1.1481335530650243
    endloop
  endfacet
  facet normal 0 -1 0
    outer loop
      vertex 0.5084208038447503 24 -1.141931822053251
      vertex 0.561355388681392 24 -1.1112448077731993
      vertex 0.4922647422038072 24 -1.1481335530650243
    endloop
  endfacet
  facet normal 0 -1 0
    outer loop
      vertex 0.5084208038447503 24 -1.141931822053251
      vertex 0.625 24 -1.0825317547305482
      vertex 0.561355388681392 24 -1.1112448077731993
    endloop
  endfacet
  facet normal 0.35836794954529977 -2.2622033084358697e-18 -0.933580426497202
    outer loop
      vertex 0.38627124296868426 24 -1.1888206453689418
      vertex 0.5084208038447503 29 -1.141931822053251
      vertex 0.47496439298920917 24 -1.1547745349220617
    endloop
  endfacet
  facet normal 0.358367949545302 -1.9710153864190433e-17 -0.9335804264972012
    outer loop
      vertex 0.5084208038447503 29 -1.141931822053251
      vertex 0.4922647422038072 24 -1.1481335530650243
      vertex 0.47496439298920917 24 -1.1547745349220617
    endloop
  endfacet
  facet normal 0.3583679495452966 0 -0.9335804264972032
    outer loop
      vertex 0.5084208038447503 24 -1.141931822053251
      vertex 0.4922647422038072 24 -1.1481335530650243
      vertex 0.5084208038447503 29 -1.141931822053251
    endloop
  endfacet
  facet normal 0 1 0
    outer loop
      vertex -0.5084208038447503 29 -1.141931822053251
      vertex 0.5084208038447503 29 -1.141931822053251
      vertex 0.38627124296868426 29 -1.1888206453689418
    endloop
  endfacet
  facet normal 0 1 0
    outer loop
      vertex -0.625 29 -1.0825317547305482
      vertex 0.625 29 -1.0825317547305482
      vertex 0.5084208038447503 29 -1.141931822053251
    endloop
  endfacet
  facet normal 0 1 0
    outer loop
      vertex -0.7347315653655915 29 -1.0112712429686843
      vertex 0.7347315653655915 29 -1.0112712429686843
      vertex 0.625 29 -1.0825317547305482
    endloop
  endfacet
  facet normal 0.3583679495452996 0 -0.933580426497202
    outer loop
      vertex 0.38627124296868426 24 -1.1888206453689418
      vertex 0.38627124296868426 29 -1.1888206453689418
      vertex 0.5084208038447503 29 -1.141931822053251
    endloop
  endfacet
  facet normal 0.45399049973954725 0 -0.8910065241883677
    outer loop
      vertex 0.5084208038447503 24 -1.141931822053251
      vertex 0.5084208038447503 29 -1.141931822053251
      vertex 0.625 29 -1.0825317547305482
    endloop
  endfacet
  facet normal 0 1 0
    outer loop
      vertex -0.8364132579485728 29 -0.9289310318467427
      vertex 0.8364132579485728 29 -0.9289310318467427
      vertex 0.7347315653655915 29 -1.0112712429686843
    endloop
  endfacet
  facet normal 0 1 0
    outer loop
      vertex -0.9289310318467427 29 -0.8364132579485728
      vertex 0.9289310318467427 29 -0.8364132579485728
      vertex 0.8364132579485728 29 -0.9289310318467427
    endloop
  endfacet
  facet normal 0 -1 0
    outer loop
      vertex 0.625 24 -1.0825317547305482
      vertex 0.6860499551121179 24 -1.0428854503163718
      vertex 0.561355388681392 24 -1.1112448077731993
    endloop
  endfacet
  facet normal 0 1 0
    outer loop
      vertex 0.7024866086792488 24 -1.0338746400721759
      vertex 0.6860499551121179 24 -1.0428854503163718
      vertex 0.7128582200369022 24 -1.0254759595137664
    endloop
  endfacet
  facet normal 0 -1 0
    outer loop
      vertex 0.7347315653655915 24 -1.0112712429686843
      vertex 0.8261255918870205 24 -0.9337547754995051
      vertex 0.7128582200369022 24 -1.0254759595137664
    endloop
  endfacet
  facet normal 0.45399049973954725 6.445931987837139e-19 -0.8910065241883677
    outer loop
      vertex 0.5084208038447503 24 -1.141931822053251
      vertex 0.625 29 -1.0825317547305482
      vertex 0.625 24 -1.0825317547305482
    endloop
  endfacet
  facet normal 0.5446390350150258 7.969347000122236e-18 -0.8386705679454248
    outer loop
      vertex 0.625 24 -1.0825317547305482
      vertex 0.7347315653655915 29 -1.0112712429686843
      vertex 0.6860499551121179 24 -1.0428854503163718
    endloop
  endfacet
  facet normal 0.5446390350150266 -5.367451754440575e-18 -0.8386705679454242
    outer loop
      vertex 0.7347315653655915 29 -1.0112712429686843
      vertex 0.7128582200369022 24 -1.0254759595137664
      vertex 0.6860499551121179 24 -1.0428854503163718
    endloop
  endfacet
  facet normal 0.544639035015026 0 -0.8386705679454248
    outer loop
      vertex 0.7347315653655915 24 -1.0112712429686843
      vertex 0.7128582200369022 24 -1.0254759595137664
      vertex 0.7347315653655915 29 -1.0112712429686843
    endloop
  endfacet
  facet normal 0 -1 0
    outer loop
      vertex 0.7347315653655915 24 -1.0112712429686843
      vertex 0.8364132579485728 24 -0.9289310318467427
      vertex 0.8261255918870205 24 -0.9337547754995051
    endloop
  endfacet
  facet normal 0.6293203910498381 1.0596058728850128e-18 -0.7771459614569706
    outer loop
      vertex 0.7347315653655915 24 -1.0112712429686843
      vertex 0.8364132579485728 29 -0.9289310318467427
      vertex 0.8364132579485728 24 -0.9289310318467427
    endloop
  endfacet
  facet normal 0 -1 0
    outer loop
      vertex 0.8364132579485728 24 -0.9289310318467427
      vertex 0.8785699643625917 24 -0.8867743254327238
      vertex 0.8261255918870205 24 -0.9337547754995051
    endloop
  endfacet
  facet normal 0 1 0
    outer loop
      vertex 0.8900707843143765 24 -0.876471719605501
      vertex 0.8785699643625917 24 -0.8867743254327238
      vertex 0.8955749712937424 24 -0.8697693185015731
    endloop
  endfacet
  facet normal 0 -1 0
    outer loop
      vertex 0.9289310318467427 24 -0.8364132579485728
      vertex 1.0177985826023945 24 -0.7209386791297393
      vertex 0.8955749712937424 24 -0.8697693185015731
    endloop
  endfacet
  facet normal 0.7071067811865476 0 -0.7071067811865476
    outer loop
      vertex 0.8364132579485728 24 -0.9289310318467427
      vertex 0.8364132579485728 29 -0.9289310318467427
      vertex 0.8785699643625917 24 -0.8867743254327238
    endloop
  endfacet
  facet normal 0.7071067811865475 7.39205006588408e-19 -0.7071067811865475
    outer loop
      vertex 0.8364132579485728 29 -0.9289310318467427
      vertex 0.8955749712937424 24 -0.8697693185015731
      vertex 0.8785699643625917 24 -0.8867743254327238
    endloop
  endfacet
  facet normal 0.7071067811865475 1.0104635305154561e-19 -0.7071067811865475
    outer loop
      vertex 0.9289310318467427 24 -0.8364132579485728
      vertex 0.8955749712937424 24 -0.8697693185015731
      vertex 0.8364132579485728 29 -0.9289310318467427
    endloop
  endfacet
  facet normal 0.7771459614569706 0 -0.6293203910498381
    outer loop
      vertex 0.9289310318467427 24 -0.8364132579485728
      vertex 0.9289310318467427 29 -0.8364132579485728
      vertex 1.0112712429686843 24 -0.7347315653655915
    endloop
  endfacet
  facet normal 0.5446390350150261 0 -0.8386705679454248
    outer loop
      vertex 0.625 24 -1.0825317547305482
      vertex 0.625 29 -1.0825317547305482
      vertex 0.7347315653655915 29 -1.0112712429686843
    endloop
  endfacet
  facet normal 0.6293203910498381 0 -0.7771459614569706
    outer loop
      vertex 0.7347315653655915 24 -1.0112712429686843
      vertex 0.7347315653655915 29 -1.0112712429686843
      vertex 0.8364132579485728 29 -0.9289310318467427
    endloop
  endfacet
  facet normal 0.7071067811865476 0 -0.7071067811865476
    outer loop
      vertex 0.9289310318467427 24 -0.8364132579485728
      vertex 0.8364132579485728 29 -0.9289310318467427
      vertex 0.9289310318467427 29 -0.8364132579485728
    endloop
  endfacet
  facet normal 0 1 0
    outer loop
      vertex -1.0112712429686843 29 -0.7347315653655915
      vertex 1.0112712429686843 29 -0.7347315653655915
      vertex 0.9289310318467427 29 -0.8364132579485728
    endloop
  endfacet
  facet normal 0 1 0
    outer loop
      vertex -1.0825317547305482 29 -0.625
      vertex 1.0825317547305482 29 -0.625
      vertex 1.0112712429686843 29 -0.7347315653655915
    endloop
  endfacet
  facet normal 0 1 0
    outer loop
      vertex -1.141931822053251 29 -0.5084208038447503
      vertex 1.141931822053251 29 -0.5084208038447503
      vertex 1.0825317547305482 29 -0.625
    endloop
  endfacet
  facet normal 0 1 0
    outer loop
      vertex -1.1888206453689418 29 -0.38627124296868426
      vertex 1.1888206453689418 29 -0.38627124296868426
      vertex 1.141931822053251 29 -0.5084208038447503
    endloop
  endfacet
  facet normal 0 -1 0
    outer loop
      vertex 0.9289310318467427 24 -0.8364132579485728
      vertex 1.0112712429686843 24 -0.7347315653655915
      vertex 1.0177985826023945 24 -0.7209386791297393
    endloop
  endfacet
  facet normal 0 -1 0
    outer loop
      vertex 1.0112712429686843 24 -0.7347315653655915
      vertex 1.065259036762322 24 -0.6515976532291222
      vertex 1.0177985826023945 24 -0.7209386791297393
    endloop
  endfacet
  facet normal 0 1 0
    outer loop
      vertex 1.066605055199696 24 -0.6496310833557252
      vertex 1.065259036762322 24 -0.6515976532291222
      vertex 1.0668287220503299 24 -0.6491805498499036
    endloop
  endfacet
  facet normal 0 -1 0
    outer loop
      vertex 1.0825317547305482 24 -0.625
      vertex 1.156019526090113 24 -0.4695229675251794
      vertex 1.0668287220503299 24 -0.6491805498499036
    endloop
  endfacet
  facet normal 0.8386705679454245 0 -0.5446390350150264
    outer loop
      vertex 1.0112712429686843 24 -0.7347315653655915
      vertex 1.0112712429686843 29 -0.7347315653655915
      vertex 1.065259036762322 24 -0.6515976532291222
    endloop
  endfacet
  facet normal 0.8386705679454421 6.690367536082434e-16 -0.5446390350149991
    outer loop
      vertex 1.0112712429686843 29 -0.7347315653655915
      vertex 1.0668287220503299 24 -0.6491805498499036
      vertex 1.065259036762322 24 -0.6515976532291222
    endloop
  endfacet
  facet normal 0.8386705679454238 -4.543267262780457e-17 -0.5446390350150275
    outer loop
      vertex 1.0825317547305482 24 -0.625
      vertex 1.0668287220503299 24 -0.6491805498499036
      vertex 1.0112712429686843 29 -0.7347315653655915
    endloop
  endfacet
  facet normal 0.8910065241883677 0 -0.45399049973954725
    outer loop
      vertex 1.0825317547305482 24 -0.625
      vertex 1.0825317547305482 29 -0.625
      vertex 1.141931822053251 24 -0.5084208038447503
    endloop
  endfacet
  facet normal 0.7771459614569706 0 -0.6293203910498381
    outer loop
      vertex 1.0112712429686843 24 -0.7347315653655915
      vertex 0.9289310318467427 29 -0.8364132579485728
      vertex 1.0112712429686843 29 -0.7347315653655915
    endloop
  endfacet
  facet normal 0.8386705679454248 0 -0.5446390350150261
    outer loop
      vertex 1.0825317547305482 24 -0.625
      vertex 1.0112712429686843 29 -0.7347315653655915
      vertex 1.0825317547305482 29 -0.625
    endloop
  endfacet
  facet normal 0.9358516638963007 -0.000517668368742961 -0.3523938069858568
    outer loop
      vertex 1.1086452007293701 11.800000190734863 -0.577413022518158
      vertex 1.156019526090113 24 -0.4695229675251794
      vertex 1.2141470909118652 11.800000190734863 -0.2972318232059479
    endloop
  endfacet
  facet normal 0.9358516638963004 -0.0005176683687429751 -0.35239380698585765
    outer loop
      vertex 1.2141470909118652 11.800000190734863 -0.2972318232059479
      vertex 1.156019526090113 24 -0.4695229675251794
      vertex 1.186599433054333 24 -0.3883119580042092
    endloop
  endfacet
  facet normal 0 -1 0
    outer loop
      vertex 1.0825317547305482 24 -0.625
      vertex 1.141931822053251 24 -0.5084208038447503
      vertex 1.156019526090113 24 -0.4695229675251794
    endloop
  endfacet
  facet normal 0 -1 0
    outer loop
      vertex 1.141931822053251 24 -0.5084208038447503
      vertex 1.1888206453689418 24 -0.38627124296868426
      vertex 1.156019526090113 24 -0.4695229675251794
    endloop
  endfacet
  facet normal 0 -1 0
    outer loop
      vertex 1.1888206453689418 24 -0.38627124296868426
      vertex 1.186599433054333 24 -0.3883119580042092
      vertex 1.156019526090113 24 -0.4695229675251794
    endloop
  endfacet
  facet normal 0.933580426497202 0 -0.3583679495452996
    outer loop
      vertex 1.141931822053251 24 -0.5084208038447503
      vertex 1.141931822053251 29 -0.5084208038447503
      vertex 1.1888206453689418 24 -0.38627124296868426
    endloop
  endfacet
  facet normal 0.8910065241883677 0 -0.45399049973954725
    outer loop
      vertex 1.141931822053251 24 -0.5084208038447503
      vertex 1.0825317547305482 29 -0.625
      vertex 1.141931822053251 29 -0.5084208038447503
    endloop
  endfacet
  facet normal 0.933580426497202 0 -0.3583679495452996
    outer loop
      vertex 1.1888206453689418 24 -0.38627124296868426
      vertex 1.141931822053251 29 -0.5084208038447503
      vertex 1.1888206453689418 29 -0.38627124296868426
    endloop
  endfacet
  facet normal -1 0 0
    outer loop
      vertex -1.25 11.800000190734863 -2
      vertex -1.25 8 1.25
      vertex -1.25 11.800000190734863 0
    endloop
  endfacet
  facet normal 0 1 0
    outer loop
      vertex -2.200000047683716 8 -0.6000000238418579
      vertex -2.25 8 1.25
      vertex -1.25 8 1.25
    endloop
  endfacet
  facet normal 0 0 1
    outer loop
      vertex -2.25 7 1.25
      vertex -1.25 8 1.25
      vertex -2.25 8 1.25
    endloop
  endfacet
  facet normal -1 0 0
    outer loop
      vertex -1.25 11.800000190734863 0
      vertex -1.25 8 1.25
      vertex -1.25 11.800000190734863 1.25
    endloop
  endfacet
  facet normal 0 0 1
    outer loop
      vertex -2.25 -20 1.25
      vertex 1.25 24 1.25
      vertex -1.25 8 1.25
    endloop
  endfacet
  facet normal 0 0 1
    outer loop
      vertex -1.25 8 1.25
      vertex 1.25 24 1.25
      vertex -1.25 11.800000190734863 1.25
    endloop
  endfacet
  facet normal -0.9688313834715114 0.00008890102408927206 -0.24772109820781318
    outer loop
      vertex -1.181017518043518 11.800000190734863 -0.4095088839530945
      vertex -1.2326337099075317 11.800000190734863 -0.2076391726732254
      vertex -1.1919578118283303 24 -0.36234337191319804
    endloop
  endfacet
  facet normal -0.9965206595851331 -0.0002036756219289916 -0.08334586694163218
    outer loop
      vertex -1.2326337099075317 11.800000190734863 -0.2076391726732254
      vertex -1.25 11.800000190734863 0
      vertex -1.2435885393928503 24 -0.10647193229198883
    endloop
  endfacet
  facet normal -0.972788546911969 0.0003053223717109478 -0.23169451822421094
    outer loop
      vertex -1.2326337099075317 11.800000190734863 -0.2076391726732254
      vertex -1.2352389492953397 24 -0.18062394605916976
      vertex -1.1919578118283303 24 -0.36234337191319804
    endloop
  endfacet
  facet normal -0.9727885469119679 0.00030532237171095847 -0.2316945182242157
    outer loop
      vertex -1.2326337099075317 11.800000190734863 -0.2076391726732254
      vertex -1.2385490652298137 24 -0.1667261512615779
      vertex -1.2352389492953397 24 -0.18062394605916976
    endloop
  endfacet
  facet normal -0.9965206595851334 -0.00020367562192898553 -0.08334586694163021
    outer loop
      vertex -1.2326337099075317 11.800000190734863 -0.2076391726732254
      vertex -1.2397898643227074 24 -0.15189059941196936
      vertex -1.2385490652298137 24 -0.1667261512615779
    endloop
  endfacet
  facet normal -0.9965206595851328 -0.00020367562192895742 -0.08334586694163629
    outer loop
      vertex -1.2326337099075317 11.800000190734863 -0.2076391726732254
      vertex -1.2435885393928503 24 -0.10647193229198883
      vertex -1.2397898643227074 24 -0.15189059941196936
    endloop
  endfacet
  facet normal -0.9981918496470132 0 -0.06010849605733379
    outer loop
      vertex -1.25 11.800000190734863 0
      vertex -1.25 24 0
      vertex -1.2435885393928503 24 -0.10647193229198883
    endloop
  endfacet
  facet normal -1 0 0
    outer loop
      vertex -1.25 11.800000190734863 0
      vertex -1.25 11.800000190734863 1.25
      vertex -1.25 24 0
    endloop
  endfacet
  facet normal 0 -1 0
    outer loop
      vertex -1.1888206453689418 24 -0.38627124296868426
      vertex -1.1919578118283303 24 -0.36234337191319804
      vertex -1.2226845009172571 24 -0.2598896135221992
    endloop
  endfacet
  facet normal 0 -1 0
    outer loop
      vertex -1.2226845009172571 24 -0.2598896135221992
      vertex -1.1919578118283303 24 -0.36234337191319804
      vertex -1.2352389492953397 24 -0.18062394605916976
    endloop
  endfacet
  facet normal -0.9659258262890679 2.3877590679993456e-19 -0.25881904510252224
    outer loop
      vertex -1.1888206453689418 24 -0.38627124296868426
      vertex -1.2226845009172571 24 -0.2598896135221992
      vertex -1.2226845009172571 29 -0.2598896135221992
    endloop
  endfacet
  facet normal -0.9876883405951379 -2.082660350866973e-17 -0.15643446504022956
    outer loop
      vertex -1.2226845009172571 24 -0.2598896135221992
      vertex -1.2352389492953397 24 -0.18062394605916976
      vertex -1.2431523692103417 29 -0.13066057908456685
    endloop
  endfacet
  facet normal 0 1 0
    outer loop
      vertex -1.2385490652298137 24 -0.1667261512615779
      vertex -1.2397898643227074 24 -0.15189059941196936
      vertex -1.2352389492953397 24 -0.18062394605916976
    endloop
  endfacet
  facet normal 0 -1 0
    outer loop
      vertex -1.2431523692103417 24 -0.13066057908456685
      vertex -1.2397898643227074 24 -0.15189059941196936
      vertex -1.2435885393928503 24 -0.10647193229198883
    endloop
  endfacet
  facet normal 0 -1 0
    outer loop
      vertex -1.2431523692103417 24 -0.13066057908456685
      vertex -1.2435885393928503 24 -0.10647193229198883
      vertex -1.25 24 0
    endloop
  endfacet
  facet normal -0.9876883405951378 -1.393535073623661e-17 -0.15643446504023023
    outer loop
      vertex -1.2431523692103417 29 -0.13066057908456685
      vertex -1.2352389492953397 24 -0.18062394605916976
      vertex -1.2397898643227074 24 -0.15189059941196936
    endloop
  endfacet
  facet normal -0.9876883405951373 0 -0.15643446504023345
    outer loop
      vertex -1.2431523692103417 24 -0.13066057908456685
      vertex -1.2431523692103417 29 -0.13066057908456685
      vertex -1.2397898643227074 24 -0.15189059941196936
    endloop
  endfacet
  facet normal -0.9986295347545739 -3.875596866179898e-20 -0.052335956242943855
    outer loop
      vertex -1.2431523692103417 24 -0.13066057908456685
      vertex -1.25 24 0
      vertex -1.25 29 0
    endloop
  endfacet
  facet normal -0.9659258262890679 0 -0.25881904510252224
    outer loop
      vertex -1.1888206453689418 24 -0.38627124296868426
      vertex -1.2226845009172571 29 -0.2598896135221992
      vertex -1.1888206453689418 29 -0.38627124296868426
    endloop
  endfacet
  facet normal -0.9876883405951378 0 -0.15643446504023034
    outer loop
      vertex -1.2226845009172571 24 -0.2598896135221992
      vertex -1.2431523692103417 29 -0.13066057908456685
      vertex -1.2226845009172571 29 -0.2598896135221992
    endloop
  endfacet
  facet normal -0.9986295347545739 0 -0.052335956242943855
    outer loop
      vertex -1.2431523692103417 24 -0.13066057908456685
      vertex -1.25 29 0
      vertex -1.2431523692103417 29 -0.13066057908456685
    endloop
  endfacet
  facet normal -1 0 0
    outer loop
      vertex -1.25 29 0
      vertex -1.25 24 0
      vertex -1.25 29 1.25
    endloop
  endfacet
  facet normal 0 1 0
    outer loop
      vertex -1.1888206453689418 29 -0.38627124296868426
      vertex -1.2226845009172571 29 -0.2598896135221992
      vertex 1.1888206453689418 29 -0.38627124296868426
    endloop
  endfacet
  facet normal 0 1 0
    outer loop
      vertex -1.2226845009172571 29 -0.2598896135221992
      vertex -1.2431523692103417 29 -0.13066057908456685
      vertex 1.2226845009172571 29 -0.2598896135221992
    endloop
  endfacet
  facet normal 0 1 0
    outer loop
      vertex -1.2431523692103417 29 -0.13066057908456685
      vertex -1.25 29 0
      vertex 1.2431523692103417 29 -0.13066057908456685
    endloop
  endfacet
  facet normal 0 1 0
    outer loop
      vertex -1.25 29 0
      vertex -1.2431523692103417 29 0.13066057908456685
      vertex 1.25 29 0
    endloop
  endfacet
  facet normal 0 1 0
    outer loop
      vertex -1.2431523692103417 29 0.13066057908456685
      vertex -1.2226845009172571 29 0.2598896135221992
      vertex 1.2431523692103417 29 0.13066057908456685
    endloop
  endfacet
  facet normal 0 1 0
    outer loop
      vertex -1.2226845009172571 29 0.2598896135221992
      vertex -1.1888206453689418 29 0.38627124296868426
      vertex 1.2226845009172571 29 0.2598896135221992
    endloop
  endfacet
  facet normal 0 1 0
    outer loop
      vertex -1.1888206453689418 29 0.38627124296868426
      vertex -1.141931822053251 29 0.5084208038447503
      vertex 1.1888206453689418 29 0.38627124296868426
    endloop
  endfacet
  facet normal -1 0 0
    outer loop
      vertex -1.25 11.800000190734863 1.25
      vertex -1.25 24 1.25
      vertex -1.25 24 0
    endloop
  endfacet
  facet normal -1 0 0
    outer loop
      vertex -1.25 29 1.25
      vertex -1.25 24 0
      vertex -1.25 24 1.25
    endloop
  endfacet
  facet normal 0 1 0
    outer loop
      vertex -1.25 29 0
      vertex -1.25 29 1.25
      vertex -1.2431523692103417 29 0.13066057908456685
    endloop
  endfacet
  facet normal 0 1 0
    outer loop
      vertex -1.2431523692103417 29 0.13066057908456685
      vertex -1.25 29 1.25
      vertex -1.2226845009172571 29 0.2598896135221992
    endloop
  endfacet
  facet normal 0 1 0
    outer loop
      vertex -1.2226845009172571 29 0.2598896135221992
      vertex -1.25 29 1.25
      vertex -1.1888206453689418 29 0.38627124296868426
    endloop
  endfacet
  facet normal 0 1 0
    outer loop
      vertex -1.1888206453689418 29 0.38627124296868426
      vertex -1.25 29 1.25
      vertex -1.141931822053251 29 0.5084208038447503
    endloop
  endfacet
  facet normal 0 1 0
    outer loop
      vertex -1.141931822053251 29 0.5084208038447503
      vertex -1.25 29 1.25
      vertex -1.0825317547305482 29 0.625
    endloop
  endfacet
  facet normal 0 1 0
    outer loop
      vertex -1.0825317547305482 29 0.625
      vertex -1.25 29 1.25
      vertex -1.0112712429686843 29 0.7347315653655915
    endloop
  endfacet
  facet normal 0 1 0
    outer loop
      vertex -1.0112712429686843 29 0.7347315653655915
      vertex -1.25 29 1.25
      vertex -0.9289310318467427 29 0.8364132579485728
    endloop
  endfacet
  facet normal 0 0 1
    outer loop
      vertex -1.25 11.800000190734863 1.25
      vertex 1.25 24 1.25
      vertex -1.25 24 1.25
    endloop
  endfacet
  facet normal 0 1 0
    outer loop
      vertex -1.141931822053251 29 0.5084208038447503
      vertex -1.0825317547305482 29 0.625
      vertex 1.141931822053251 29 0.5084208038447503
    endloop
  endfacet
  facet normal 0 1 0
    outer loop
      vertex -1.0825317547305482 29 0.625
      vertex -1.0112712429686843 29 0.7347315653655915
      vertex 1.0825317547305482 29 0.625
    endloop
  endfacet
  facet normal 0 1 0
    outer loop
      vertex -1.0112712429686843 29 0.7347315653655915
      vertex -0.9289310318467427 29 0.8364132579485728
      vertex 1.0112712429686843 29 0.7347315653655915
    endloop
  endfacet
  facet normal 0 1 0
    outer loop
      vertex -1.25 29 1.25
      vertex -0.8364132579485728 29 0.9289310318467427
      vertex -0.9289310318467427 29 0.8364132579485728
    endloop
  endfacet
  facet normal 0 0 1
    outer loop
      vertex -1.25 29 1.25
      vertex -1.25 24 1.25
      vertex 0 29 1.25
    endloop
  endfacet
  facet normal 0 1 0
    outer loop
      vertex -1.25 29 1.25
      vertex -0.7347315653655915 29 1.0112712429686843
      vertex -0.8364132579485728 29 0.9289310318467427
    endloop
  endfacet
  facet normal 0 1 0
    outer loop
      vertex -1.25 29 1.25
      vertex -0.625 29 1.0825317547305482
      vertex -0.7347315653655915 29 1.0112712429686843
    endloop
  endfacet
  facet normal 0 1 0
    outer loop
      vertex -1.25 29 1.25
      vertex -0.5084208038447503 29 1.141931822053251
      vertex -0.625 29 1.0825317547305482
    endloop
  endfacet
  facet normal 0 1 0
    outer loop
      vertex -1.25 29 1.25
      vertex -0.38627124296868426 29 1.1888206453689418
      vertex -0.5084208038447503 29 1.141931822053251
    endloop
  endfacet
  facet normal 0 1 0
    outer loop
      vertex -1.25 29 1.25
      vertex -0.2598896135221992 29 1.2226845009172571
      vertex -0.38627124296868426 29 1.1888206453689418
    endloop
  endfacet
  facet normal 0 1 0
    outer loop
      vertex -1.25 29 1.25
      vertex -0.13066057908456685 29 1.2431523692103417
      vertex -0.2598896135221992 29 1.2226845009172571
    endloop
  endfacet
  facet normal 0 0 1
    outer loop
      vertex 0 29 1.25
      vertex -1.25 24 1.25
      vertex 1.25 24 1.25
    endloop
  endfacet
  facet normal 0 1 0
    outer loop
      vertex -0.9289310318467427 29 0.8364132579485728
      vertex -0.8364132579485728 29 0.9289310318467427
      vertex 0.9289310318467427 29 0.8364132579485728
    endloop
  endfacet
  facet normal 0 1 0
    outer loop
      vertex -0.8364132579485728 29 0.9289310318467427
      vertex -0.7347315653655915 29 1.0112712429686843
      vertex 0.8364132579485728 29 0.9289310318467427
    endloop
  endfacet
  facet normal 0 1 0
    outer loop
      vertex -0.7347315653655915 29 1.0112712429686843
      vertex -0.625 29 1.0825317547305482
      vertex 0.7347315653655915 29 1.0112712429686843
    endloop
  endfacet
  facet normal 0 1 0
    outer loop
      vertex -1.25 29 1.25
      vertex 0 29 1.25
      vertex -0.13066057908456685 29 1.2431523692103417
    endloop
  endfacet
  facet normal 0 1 0
    outer loop
      vertex -0.625 29 1.0825317547305482
      vertex -0.5084208038447503 29 1.141931822053251
      vertex 0.625 29 1.0825317547305482
    endloop
  endfacet
  facet normal 0 1 0
    outer loop
      vertex -0.5084208038447503 29 1.141931822053251
      vertex -0.38627124296868426 29 1.1888206453689418
      vertex 0.5084208038447503 29 1.141931822053251
    endloop
  endfacet
  facet normal 0 1 0
    outer loop
      vertex -0.38627124296868426 29 1.1888206453689418
      vertex -0.2598896135221992 29 1.2226845009172571
      vertex 0.38627124296868426 29 1.1888206453689418
    endloop
  endfacet
  facet normal 0 1 0
    outer loop
      vertex -0.2598896135221992 29 1.2226845009172571
      vertex -0.13066057908456685 29 1.2431523692103417
      vertex 0.2598896135221992 29 1.2226845009172571
    endloop
  endfacet
  facet normal 0 1 0
    outer loop
      vertex -0.13066057908456685 29 1.2431523692103417
      vertex 0 29 1.25
      vertex 0.13066057908456685 29 1.2431523692103417
    endloop
  endfacet
  facet normal 0 1 0
    outer loop
      vertex 2.200000047683716 8 -2
      vertex 1.25 8 1.25
      vertex 2.200000047683716 8 1.25
    endloop
  endfacet
  facet normal 1 0 0
    outer loop
      vertex 1.25 11.800000190734863 -2
      vertex 1.25 11.800000190734863 0
      vertex 1.25 8 1.25
    endloop
  endfacet
  facet normal 0 0 1
    outer loop
      vertex -2.200000047683716 -20.899999618530273 1.25
      vertex 1.25 11.800000190734863 1.25
      vertex 1.25 24 1.25
    endloop
  endfacet
  facet normal 1 0 0
    outer loop
      vertex 1.25 11.800000190734863 0
      vertex 1.25 11.800000190734863 1.25
      vertex 1.25 8 1.25
    endloop
  endfacet
  facet normal 0 1 0
    outer loop
      vertex -1.2226845009172571 29 -0.2598896135221992
      vertex 1.2226845009172571 29 -0.2598896135221992
      vertex 1.1888206453689418 29 -0.38627124296868426
    endloop
  endfacet
  facet normal 0 1 0
    outer loop
      vertex -1.2431523692103417 29 -0.13066057908456685
      vertex 1.2431523692103417 29 -0.13066057908456685
      vertex 1.2226845009172571 29 -0.2598896135221992
    endloop
  endfacet
  facet normal 0 1 0
    outer loop
      vertex -1.25 29 0
      vertex 1.25 29 0
      vertex 1.2431523692103417 29 -0.13066057908456685
    endloop
  endfacet
  facet normal 0 1 0
    outer loop
      vertex -1.2431523692103417 29 0.13066057908456685
      vertex 1.2431523692103417 29 0.13066057908456685
      vertex 1.25 29 0
    endloop
  endfacet
  facet normal 0 1 0
    outer loop
      vertex -1.2226845009172571 29 0.2598896135221992
      vertex 1.2226845009172571 29 0.2598896135221992
      vertex 1.2431523692103417 29 0.13066057908456685
    endloop
  endfacet
  facet normal 0 1 0
    outer loop
      vertex -1.1888206453689418 29 0.38627124296868426
      vertex 1.1888206453689418 29 0.38627124296868426
      vertex 1.2226845009172571 29 0.2598896135221992
    endloop
  endfacet
  facet normal 0.9928033807285149 -0.0005233760679223265 -0.11975463787061953
    outer loop
      vertex 1.2141470909118652 11.800000190734863 -0.2972318232059479
      vertex 1.2435885393928503 24 -0.10647193229198883
      vertex 1.25 11.800000190734863 0
    endloop
  endfacet
  facet normal 0.9727874138754447 0.00046679001718803303 -0.23169900628316054
    outer loop
      vertex 1.2141470909118652 11.800000190734863 -0.2972318232059479
      vertex 1.186599433054333 24 -0.3883119580042092
      vertex 1.233184486019487 24 -0.19272478684543384
    endloop
  endfacet
  facet normal 0.9928033807285148 -0.0005233760679223207 -0.11975463787061989
    outer loop
      vertex 1.2141470909118652 11.800000190734863 -0.2972318232059479
      vertex 1.233184486019487 24 -0.19272478684543384
      vertex 1.2435885393928503 24 -0.10647193229198883
    endloop
  endfacet
  facet normal 0.9981918496470132 0 -0.06010849605733379
    outer loop
      vertex 1.25 11.800000190734863 0
      vertex 1.2435885393928503 24 -0.10647193229198883
      vertex 1.25 24 0
    endloop
  endfacet
  facet normal 1 0 0
    outer loop
      vertex 1.25 11.800000190734863 0
      vertex 1.25 24 0
      vertex 1.25 24 1.25
    endloop
  endfacet
  facet normal 0 -1 0
    outer loop
      vertex 1.1888206453689418 24 -0.38627124296868426
      vertex 1.233184486019487 24 -0.19272478684543384
      vertex 1.186599433054333 24 -0.3883119580042092
    endloop
  endfacet
  facet normal 0 -1 0
    outer loop
      vertex 1.1888206453689418 24 -0.38627124296868426
      vertex 1.2226845009172571 24 -0.2598896135221992
      vertex 1.233184486019487 24 -0.19272478684543384
    endloop
  endfacet
  facet normal 0 -1 0
    outer loop
      vertex 1.2226845009172571 24 -0.2598896135221992
      vertex 1.2431523692103417 24 -0.13066057908456685
      vertex 1.233184486019487 24 -0.19272478684543384
    endloop
  endfacet
  facet normal 0.9659258262890679 0 -0.25881904510252224
    outer loop
      vertex 1.1888206453689418 24 -0.38627124296868426
      vertex 1.1888206453689418 29 -0.38627124296868426
      vertex 1.2226845009172571 24 -0.2598896135221992
    endloop
  endfacet
  facet normal 0.9876883405951378 0 -0.15643446504023034
    outer loop
      vertex 1.2226845009172571 24 -0.2598896135221992
      vertex 1.2226845009172571 29 -0.2598896135221992
      vertex 1.2431523692103417 24 -0.13066057908456685
    endloop
  endfacet
  facet normal 0 -1 0
    outer loop
      vertex 1.2431523692103417 24 -0.13066057908456685
      vertex 1.2435885393928503 24 -0.10647193229198883
      vertex 1.233184486019487 24 -0.19272478684543384
    endloop
  endfacet
  facet normal 0 -1 0
    outer loop
      vertex 1.2431523692103417 24 -0.13066057908456685
      vertex 1.25 24 0
      vertex 1.2435885393928503 24 -0.10647193229198883
    endloop
  endfacet
  facet normal 0.9986295347545739 0 -0.052335956242943855
    outer loop
      vertex 1.2431523692103417 24 -0.13066057908456685
      vertex 1.2431523692103417 29 -0.13066057908456685
      vertex 1.25 24 0
    endloop
  endfacet
  facet normal 0.9659258262890679 0 -0.25881904510252224
    outer loop
      vertex 1.2226845009172571 24 -0.2598896135221992
      vertex 1.1888206453689418 29 -0.38627124296868426
      vertex 1.2226845009172571 29 -0.2598896135221992
    endloop
  endfacet
  facet normal 0.9876883405951378 0 -0.15643446504023034
    outer loop
      vertex 1.2431523692103417 24 -0.13066057908456685
      vertex 1.2226845009172571 29 -0.2598896135221992
      vertex 1.2431523692103417 29 -0.13066057908456685
    endloop
  endfacet
  facet normal 0.9986295347545739 3.875596866179898e-20 -0.052335956242943855
    outer loop
      vertex 1.2431523692103417 29 -0.13066057908456685
      vertex 1.25 29 0
      vertex 1.25 24 0
    endloop
  endfacet
  facet normal 1 0 0
    outer loop
      vertex 1.25 29 0
      vertex 1.25 24 1.25
      vertex 1.25 24 0
    endloop
  endfacet
  facet normal 0 1 0
    outer loop
      vertex -1.141931822053251 29 0.5084208038447503
      vertex 1.141931822053251 29 0.5084208038447503
      vertex 1.1888206453689418 29 0.38627124296868426
    endloop
  endfacet
  facet normal 0 1 0
    outer loop
      vertex -1.0825317547305482 29 0.625
      vertex 1.0825317547305482 29 0.625
      vertex 1.141931822053251 29 0.5084208038447503
    endloop
  endfacet
  facet normal 0 1 0
    outer loop
      vertex -1.0112712429686843 29 0.7347315653655915
      vertex 1.0112712429686843 29 0.7347315653655915
      vertex 1.0825317547305482 29 0.625
    endloop
  endfacet
  facet normal 0 1 0
    outer loop
      vertex -0.9289310318467427 29 0.8364132579485728
      vertex 0.9289310318467427 29 0.8364132579485728
      vertex 1.0112712429686843 29 0.7347315653655915
    endloop
  endfacet
  facet normal 0 1 0
    outer loop
      vertex -0.7347315653655915 29 1.0112712429686843
      vertex 0.7347315653655915 29 1.0112712429686843
      vertex 0.8364132579485728 29 0.9289310318467427
    endloop
  endfacet
  facet normal 0 1 0
    outer loop
      vertex -0.8364132579485728 29 0.9289310318467427
      vertex 0.8364132579485728 29 0.9289310318467427
      vertex 0.9289310318467427 29 0.8364132579485728
    endloop
  endfacet
  facet normal 0 1 0
    outer loop
      vertex -0.625 29 1.0825317547305482
      vertex 0.625 29 1.0825317547305482
      vertex 0.7347315653655915 29 1.0112712429686843
    endloop
  endfacet
  facet normal 0 1 0
    outer loop
      vertex -0.5084208038447503 29 1.141931822053251
      vertex 0.5084208038447503 29 1.141931822053251
      vertex 0.625 29 1.0825317547305482
    endloop
  endfacet
  facet normal 0 1 0
    outer loop
      vertex -0.13066057908456685 29 1.2431523692103417
      vertex 0.13066057908456685 29 1.2431523692103417
      vertex 0.2598896135221992 29 1.2226845009172571
    endloop
  endfacet
  facet normal 0 1 0
    outer loop
      vertex -0.2598896135221992 29 1.2226845009172571
      vertex 0.2598896135221992 29 1.2226845009172571
      vertex 0.38627124296868426 29 1.1888206453689418
    endloop
  endfacet
  facet normal 0 1 0
    outer loop
      vertex -0.38627124296868426 29 1.1888206453689418
      vertex 0.38627124296868426 29 1.1888206453689418
      vertex 0.5084208038447503 29 1.141931822053251
    endloop
  endfacet
  facet normal 0 1 0
    outer loop
      vertex 0 29 1.25
      vertex 1.25 29 1.25
      vertex 0.13066057908456685 29 1.2431523692103417
    endloop
  endfacet
  facet normal 0 1 0
    outer loop
      vertex 0.13066057908456685 29 1.2431523692103417
      vertex 1.25 29 1.25
      vertex 0.2598896135221992 29 1.2226845009172571
    endloop
  endfacet
  facet normal 0 1 0
    outer loop
      vertex 0.9289310318467427 29 0.8364132579485728
      vertex 1.25 29 1.25
      vertex 1.0112712429686843 29 0.7347315653655915
    endloop
  endfacet
  facet normal 0 1 0
    outer loop
      vertex 0.8364132579485728 29 0.9289310318467427
      vertex 1.25 29 1.25
      vertex 0.9289310318467427 29 0.8364132579485728
    endloop
  endfacet
  facet normal 0 0 1
    outer loop
      vertex 0 29 1.25
      vertex 1.25 24 1.25
      vertex 1.25 29 1.25
    endloop
  endfacet
  facet normal 0 1 0
    outer loop
      vertex 0.2598896135221992 29 1.2226845009172571
      vertex 1.25 29 1.25
      vertex 0.38627124296868426 29 1.1888206453689418
    endloop
  endfacet
  facet normal 0 1 0
    outer loop
      vertex 0.38627124296868426 29 1.1888206453689418
      vertex 1.25 29 1.25
      vertex 0.5084208038447503 29 1.141931822053251
    endloop
  endfacet
  facet normal 0 1 0
    outer loop
      vertex 0.5084208038447503 29 1.141931822053251
      vertex 1.25 29 1.25
      vertex 0.625 29 1.0825317547305482
    endloop
  endfacet
  facet normal 0 1 0
    outer loop
      vertex 0.8364132579485728 29 0.9289310318467427
      vertex 0.7347315653655915 29 1.0112712429686843
      vertex 1.25 29 1.25
    endloop
  endfacet
  facet normal 0 1 0
    outer loop
      vertex 0.625 29 1.0825317547305482
      vertex 1.25 29 1.25
      vertex 0.7347315653655915 29 1.0112712429686843
    endloop
  endfacet
  facet normal 1 0 0
    outer loop
      vertex 1.25 11.800000190734863 0
      vertex 1.25 24 1.25
      vertex 1.25 11.800000190734863 1.25
    endloop
  endfacet
  facet normal 0 1 0
    outer loop
      vertex 1.25 29 0
      vertex 1.2431523692103417 29 0.13066057908456685
      vertex 1.25 29 1.25
    endloop
  endfacet
  facet normal 0 1 0
    outer loop
      vertex 1.2431523692103417 29 0.13066057908456685
      vertex 1.2226845009172571 29 0.2598896135221992
      vertex 1.25 29 1.25
    endloop
  endfacet
  facet normal 0 1 0
    outer loop
      vertex 1.2226845009172571 29 0.2598896135221992
      vertex 1.1888206453689418 29 0.38627124296868426
      vertex 1.25 29 1.25
    endloop
  endfacet
  facet normal 1 0 0
    outer loop
      vertex 1.25 29 0
      vertex 1.25 29 1.25
      vertex 1.25 24 1.25
    endloop
  endfacet
  facet normal 0 1 0
    outer loop
      vertex 1.1888206453689418 29 0.38627124296868426
      vertex 1.141931822053251 29 0.5084208038447503
      vertex 1.25 29 1.25
    endloop
  endfacet
  facet normal 0 1 0
    outer loop
      vertex 1.141931822053251 29 0.5084208038447503
      vertex 1.0825317547305482 29 0.625
      vertex 1.25 29 1.25
    endloop
  endfacet
  facet normal 0 1 0
    outer loop
      vertex 1.0112712429686843 29 0.7347315653655915
      vertex 1.25 29 1.25
      vertex 1.0825317547305482 29 0.625
    endloop
  endfacet
endsolid OpenSCAD_Model
